[{"model": "app.invoice", "pk": 1, "fields": {"invoice_date": "2018-02-05T00:00:00Z", "outlet": 1}}, {"model": "app.invoice", "pk": 2, "fields": {"invoice_date": "2018-02-10T00:00:00Z", "outlet": 2}}, {"model": "app.invoice", "pk": 3, "fields": {"invoice_date": "2018-02-10T00:00:00Z", "outlet": 2}}, {"model": "app.invoice", "pk": 4, "fields": {"invoice_date": "2018-02-10T00:00:00Z", "outlet": 3}}, {"model": "app.invoice", "pk": 5, "fields": {"invoice_date": "2018-02-19T00:00:00Z", "outlet": 4}}, {"model": "app.invoice", "pk": 6, "fields": {"invoice_date": "2018-02-20T00:00:00Z", "outlet": 4}}, {"model": "app.invoice", "pk": 7, "fields": {"invoice_date": "2018-02-20T00:00:00Z", "outlet": 4}}, {"model": "app.invoice", "pk": 8, "fields": {"invoice_date": "2018-02-19T00:00:00Z", "outlet": 5}}, {"model": "app.invoice", "pk": 9, "fields": {"invoice_date": "2018-02-25T00:00:00Z", "outlet": 6}}, {"model": "app.invoice", "pk": 10, "fields": {"invoice_date": "2018-03-01T00:00:00Z", "outlet": 3}}, {"model": "app.invoice", "pk": 11, "fields": {"invoice_date": "2018-03-03T00:00:00Z", "outlet": 7}}, {"model": "app.invoice", "pk": 12, "fields": {"invoice_date": "2018-03-08T00:00:00Z", "outlet": 8}}, {"model": "app.invoice", "pk": 13, "fields": {"invoice_date": "2018-03-11T00:00:00Z", "outlet": 2}}, {"model": "app.invoice", "pk": 14, "fields": {"invoice_date": "2018-03-18T00:00:00Z", "outlet": 9}}, {"model": "app.invoice", "pk": 15, "fields": {"invoice_date": "2018-03-21T00:00:00Z", "outlet": 10}}, {"model": "app.invoice", "pk": 16, "fields": {"invoice_date": "2018-03-21T00:00:00Z", "outlet": 11}}, {"model": "app.invoice", "pk": 17, "fields": {"invoice_date": "2018-01-19T00:00:00Z", "outlet": 6}}, {"model": "app.invoice", "pk": 18, "fields": {"invoice_date": "2018-01-19T00:00:00Z", "outlet": 6}}, {"model": "app.invoice", "pk": 19, "fields": {"invoice_date": "2018-01-05T00:00:00Z", "outlet": 11}}, {"model": "app.invoice", "pk": 20, "fields": {"invoice_date": "2018-02-04T00:00:00Z", "outlet": 11}}, {"model": "app.invoice", "pk": 21, "fields": {"invoice_date": "2018-02-04T00:00:00Z", "outlet": 10}}, {"model": "app.invoice", "pk": 22, "fields": {"invoice_date": "2018-01-30T00:00:00Z", "outlet": 4}}, {"model": "app.invoice", "pk": 23, "fields": {"invoice_date": "2017-12-26T00:00:00Z", "outlet": 12}}, {"model": "app.invoice", "pk": 24, "fields": {"invoice_date": "2018-03-25T00:00:00Z", "outlet": 4}}, {"model": "app.invoice", "pk": 25, "fields": {"invoice_date": "2018-02-05T00:00:00Z", "outlet": 1}}, {"model": "app.invoice", "pk": 26, "fields": {"invoice_date": "2018-02-05T00:00:00Z", "outlet": 8}}, {"model": "app.invoice", "pk": 27, "fields": {"invoice_date": "2018-03-29T00:00:00Z", "outlet": 3}}, {"model": "app.invoice", "pk": 28, "fields": {"invoice_date": "2018-04-03T00:00:00Z", "outlet": 12}}, {"model": "app.invoice", "pk": 29, "fields": {"invoice_date": "2018-04-03T00:00:00Z", "outlet": 8}}, {"model": "app.invoice", "pk": 30, "fields": {"invoice_date": "2018-04-02T00:00:00Z", "outlet": 1}}, {"model": "app.invoice", "pk": 31, "fields": {"invoice_date": "2018-04-03T00:00:00Z", "outlet": 1}}, {"model": "app.invoice", "pk": 32, "fields": {"invoice_date": "2018-04-05T00:00:00Z", "outlet": 6}}, {"model": "app.invoice", "pk": 33, "fields": {"invoice_date": "2018-04-10T00:00:00Z", "outlet": 6}}, {"model": "app.invoice", "pk": 34, "fields": {"invoice_date": "2018-04-10T00:00:00Z", "outlet": 2}}, {"model": "app.invoice", "pk": 35, "fields": {"invoice_date": "2018-04-12T00:00:00Z", "outlet": 7}}, {"model": "app.invoice", "pk": 36, "fields": {"invoice_date": "2018-04-19T00:00:00Z", "outlet": 13}}, {"model": "app.invoice", "pk": 37, "fields": {"invoice_date": "2018-04-19T00:00:00Z", "outlet": 7}}, {"model": "app.invoice", "pk": 38, "fields": {"invoice_date": "2018-04-25T00:00:00Z", "outlet": 3}}, {"model": "app.invoice", "pk": 39, "fields": {"invoice_date": "2018-04-26T00:00:00Z", "outlet": 4}}, {"model": "app.invoice", "pk": 40, "fields": {"invoice_date": "2018-04-28T00:00:00Z", "outlet": 9}}, {"model": "app.invoice", "pk": 41, "fields": {"invoice_date": "2018-04-28T00:00:00Z", "outlet": 14}}, {"model": "app.invoice", "pk": 42, "fields": {"invoice_date": "2018-05-13T00:00:00Z", "outlet": 10}}, {"model": "app.invoice", "pk": 43, "fields": {"invoice_date": "2018-05-13T00:00:00Z", "outlet": 6}}, {"model": "app.invoice", "pk": 44, "fields": {"invoice_date": "2018-05-14T00:00:00Z", "outlet": 8}}, {"model": "app.invoice", "pk": 45, "fields": {"invoice_date": "2018-05-16T00:00:00Z", "outlet": 3}}, {"model": "app.invoice", "pk": 46, "fields": {"invoice_date": "2018-05-21T00:00:00Z", "outlet": 8}}, {"model": "app.invoice", "pk": 47, "fields": {"invoice_date": "2018-05-21T00:00:00Z", "outlet": 11}}, {"model": "app.invoice", "pk": 48, "fields": {"invoice_date": "2018-05-21T00:00:00Z", "outlet": 4}}, {"model": "app.invoice", "pk": 49, "fields": {"invoice_date": "2018-05-22T00:00:00Z", "outlet": 1}}, {"model": "app.invoice", "pk": 50, "fields": {"invoice_date": "2018-06-02T00:00:00Z", "outlet": 13}}, {"model": "app.invoice", "pk": 51, "fields": {"invoice_date": "2018-06-09T00:00:00Z", "outlet": 9}}, {"model": "app.invoice", "pk": 52, "fields": {"invoice_date": "2018-06-27T00:00:00Z", "outlet": 7}}, {"model": "app.invoice", "pk": 53, "fields": {"invoice_date": "2018-06-27T00:00:00Z", "outlet": 3}}, {"model": "app.invoice", "pk": 54, "fields": {"invoice_date": "2018-06-28T00:00:00Z", "outlet": 4}}, {"model": "app.invoice", "pk": 55, "fields": {"invoice_date": "2018-07-03T00:00:00Z", "outlet": 8}}, {"model": "app.invoice", "pk": 56, "fields": {"invoice_date": "2018-07-03T00:00:00Z", "outlet": 1}}, {"model": "app.invoice", "pk": 57, "fields": {"invoice_date": "2018-07-03T00:00:00Z", "outlet": 12}}, {"model": "app.invoice", "pk": 58, "fields": {"invoice_date": "2018-07-07T00:00:00Z", "outlet": 6}}, {"model": "app.invoice", "pk": 59, "fields": {"invoice_date": "2018-07-08T00:00:00Z", "outlet": 11}}, {"model": "app.invoice", "pk": 60, "fields": {"invoice_date": "2018-07-15T00:00:00Z", "outlet": 2}}, {"model": "app.invoice", "pk": 61, "fields": {"invoice_date": "2018-07-15T00:00:00Z", "outlet": 3}}, {"model": "app.invoice", "pk": 62, "fields": {"invoice_date": "2018-07-24T00:00:00Z", "outlet": 10}}, {"model": "app.invoice", "pk": 63, "fields": {"invoice_date": "2018-07-25T00:00:00Z", "outlet": 15}}, {"model": "app.invoice", "pk": 64, "fields": {"invoice_date": "2018-08-01T00:00:00Z", "outlet": 15}}, {"model": "app.invoice", "pk": 65, "fields": {"invoice_date": "2018-08-05T00:00:00Z", "outlet": 2}}, {"model": "app.invoice", "pk": 66, "fields": {"invoice_date": "2018-08-09T00:00:00Z", "outlet": 15}}, {"model": "app.invoice", "pk": 67, "fields": {"invoice_date": "2018-08-09T00:00:00Z", "outlet": 15}}, {"model": "app.invoice", "pk": 68, "fields": {"invoice_date": "2018-08-13T00:00:00Z", "outlet": 3}}, {"model": "app.invoice", "pk": 69, "fields": {"invoice_date": "2018-08-16T00:00:00Z", "outlet": 15}}, {"model": "app.invoice", "pk": 70, "fields": {"invoice_date": "2018-08-19T00:00:00Z", "outlet": 15}}, {"model": "app.invoice", "pk": 71, "fields": {"invoice_date": "2018-09-22T00:00:00Z", "outlet": 15}}, {"model": "app.invoice", "pk": 72, "fields": {"invoice_date": "2018-09-24T00:00:00Z", "outlet": 3}}, {"model": "app.invoice", "pk": 73, "fields": {"invoice_date": "2018-10-15T00:00:00Z", "outlet": 4}}, {"model": "app.invoice", "pk": 74, "fields": {"invoice_date": "2018-10-17T00:00:00Z", "outlet": 3}}, {"model": "app.invoice", "pk": 75, "fields": {"invoice_date": "2018-10-17T00:00:00Z", "outlet": 3}}, {"model": "app.invoice", "pk": 76, "fields": {"invoice_date": "2018-11-03T00:00:00Z", "outlet": 1}}, {"model": "app.invoice", "pk": 77, "fields": {"invoice_date": "2018-11-03T00:00:00Z", "outlet": 8}}, {"model": "app.invoice", "pk": 78, "fields": {"invoice_date": "2018-11-07T00:00:00Z", "outlet": 6}}, {"model": "app.invoice", "pk": 79, "fields": {"invoice_date": "2018-11-15T00:00:00Z", "outlet": 3}}, {"model": "app.invoice", "pk": 80, "fields": {"invoice_date": "2018-11-27T00:00:00Z", "outlet": 3}}, {"model": "app.invoice", "pk": 81, "fields": {"invoice_date": "2018-12-03T00:00:00Z", "outlet": 3}}, {"model": "app.invoice", "pk": 82, "fields": {"invoice_date": "2018-12-07T00:00:00Z", "outlet": 4}}, {"model": "app.invoice", "pk": 83, "fields": {"invoice_date": "2018-12-12T00:00:00Z", "outlet": 6}}, {"model": "app.invoice", "pk": 84, "fields": {"invoice_date": "2018-12-15T00:00:00Z", "outlet": 2}}, {"model": "app.invoice", "pk": 85, "fields": {"invoice_date": "2018-12-17T00:00:00Z", "outlet": 8}}, {"model": "app.invoice", "pk": 86, "fields": {"invoice_date": "2018-12-17T00:00:00Z", "outlet": 1}}, {"model": "app.invoice", "pk": 87, "fields": {"invoice_date": "2018-12-24T00:00:00Z", "outlet": 1}}, {"model": "app.invoice", "pk": 88, "fields": {"invoice_date": "2019-01-03T00:00:00Z", "outlet": 3}}, {"model": "app.invoice", "pk": 89, "fields": {"invoice_date": "2019-04-20T04:00:00Z", "outlet": 2}}, {"model": "app.invoice", "pk": 90, "fields": {"invoice_date": "2019-04-21T04:00:00Z", "outlet": 2}}, {"model": "app.invoice", "pk": 91, "fields": {"invoice_date": "2019-04-21T04:00:00Z", "outlet": 2}}, {"model": "app.invoice", "pk": 92, "fields": {"invoice_date": "2019-04-21T04:00:00Z", "outlet": 2}}, {"model": "app.invoice", "pk": 93, "fields": {"invoice_date": "2019-04-21T04:00:00Z", "outlet": 2}}, {"model": "app.invoice", "pk": 94, "fields": {"invoice_date": "2019-04-21T04:00:00Z", "outlet": 4}}, {"model": "app.invoice", "pk": 95, "fields": {"invoice_date": "2019-04-21T04:00:00Z", "outlet": 6}}, {"model": "app.invoice", "pk": 96, "fields": {"invoice_date": "2019-04-21T04:00:00Z", "outlet": 10}}, {"model": "app.invoice", "pk": 97, "fields": {"invoice_date": "2019-04-21T04:00:00Z", "outlet": 4}}, {"model": "app.invoice", "pk": 98, "fields": {"invoice_date": "2019-05-06T04:00:00Z", "outlet": 3}}, {"model": "app.invoiceproduct", "pk": 1, "fields": {"invoice": 1, "quantity": 24, "product_number": "3362220"}}, {"model": "app.invoiceproduct", "pk": 2, "fields": {"invoice": 1, "quantity": 24, "product_number": "3362221"}}, {"model": "app.invoiceproduct", "pk": 3, "fields": {"invoice": 1, "quantity": 24, "product_number": "3362222"}}, {"model": "app.invoiceproduct", "pk": 4, "fields": {"invoice": 1, "quantity": 24, "product_number": "3362223"}}, {"model": "app.invoiceproduct", "pk": 5, "fields": {"invoice": 1, "quantity": 6, "product_number": "3362224"}}, {"model": "app.invoiceproduct", "pk": 6, "fields": {"invoice": 1, "quantity": 12, "product_number": "3362226"}}, {"model": "app.invoiceproduct", "pk": 7, "fields": {"invoice": 1, "quantity": 12, "product_number": "3362227"}}, {"model": "app.invoiceproduct", "pk": 8, "fields": {"invoice": 1, "quantity": 12, "product_number": "3362228"}}, {"model": "app.invoiceproduct", "pk": 9, "fields": {"invoice": 2, "quantity": 12, "product_number": "3362218"}}, {"model": "app.invoiceproduct", "pk": 10, "fields": {"invoice": 2, "quantity": 12, "product_number": "3362219"}}, {"model": "app.invoiceproduct", "pk": 11, "fields": {"invoice": 2, "quantity": 12, "product_number": "3362220"}}, {"model": "app.invoiceproduct", "pk": 12, "fields": {"invoice": 2, "quantity": 12, "product_number": "3362221"}}, {"model": "app.invoiceproduct", "pk": 13, "fields": {"invoice": 2, "quantity": 12, "product_number": "3362222"}}, {"model": "app.invoiceproduct", "pk": 14, "fields": {"invoice": 2, "quantity": 6, "product_number": "3362225"}}, {"model": "app.invoiceproduct", "pk": 15, "fields": {"invoice": 3, "quantity": 12, "product_number": "3362218"}}, {"model": "app.invoiceproduct", "pk": 16, "fields": {"invoice": 3, "quantity": 12, "product_number": "3362219"}}, {"model": "app.invoiceproduct", "pk": 17, "fields": {"invoice": 3, "quantity": 12, "product_number": "3362220"}}, {"model": "app.invoiceproduct", "pk": 18, "fields": {"invoice": 3, "quantity": 12, "product_number": "3362221"}}, {"model": "app.invoiceproduct", "pk": 19, "fields": {"invoice": 3, "quantity": 12, "product_number": "3362222"}}, {"model": "app.invoiceproduct", "pk": 20, "fields": {"invoice": 3, "quantity": 6, "product_number": "3362223"}}, {"model": "app.invoiceproduct", "pk": 21, "fields": {"invoice": 3, "quantity": 6, "product_number": "3362225"}}, {"model": "app.invoiceproduct", "pk": 22, "fields": {"invoice": 4, "quantity": 12, "product_number": "3362218"}}, {"model": "app.invoiceproduct", "pk": 23, "fields": {"invoice": 4, "quantity": 12, "product_number": "3362220"}}, {"model": "app.invoiceproduct", "pk": 24, "fields": {"invoice": 4, "quantity": 24, "product_number": "3362221"}}, {"model": "app.invoiceproduct", "pk": 25, "fields": {"invoice": 4, "quantity": 24, "product_number": "3362222"}}, {"model": "app.invoiceproduct", "pk": 26, "fields": {"invoice": 4, "quantity": 10, "product_number": "3362223"}}, {"model": "app.invoiceproduct", "pk": 27, "fields": {"invoice": 5, "quantity": 24, "product_number": "3363997"}}, {"model": "app.invoiceproduct", "pk": 28, "fields": {"invoice": 5, "quantity": 24, "product_number": "3363998"}}, {"model": "app.invoiceproduct", "pk": 29, "fields": {"invoice": 5, "quantity": 12, "product_number": "3363999"}}, {"model": "app.invoiceproduct", "pk": 30, "fields": {"invoice": 5, "quantity": 24, "product_number": "3364000"}}, {"model": "app.invoiceproduct", "pk": 31, "fields": {"invoice": 5, "quantity": 6, "product_number": "3364001"}}, {"model": "app.invoiceproduct", "pk": 32, "fields": {"invoice": 5, "quantity": 12, "product_number": "3364002"}}, {"model": "app.invoiceproduct", "pk": 33, "fields": {"invoice": 5, "quantity": 12, "product_number": "3364003"}}, {"model": "app.invoiceproduct", "pk": 34, "fields": {"invoice": 5, "quantity": 12, "product_number": "3364004"}}, {"model": "app.invoiceproduct", "pk": 35, "fields": {"invoice": 5, "quantity": 12, "product_number": "3364005"}}, {"model": "app.invoiceproduct", "pk": 36, "fields": {"invoice": 6, "quantity": 24, "product_number": "3363997"}}, {"model": "app.invoiceproduct", "pk": 37, "fields": {"invoice": 6, "quantity": 24, "product_number": "3363998"}}, {"model": "app.invoiceproduct", "pk": 38, "fields": {"invoice": 6, "quantity": 12, "product_number": "3363999"}}, {"model": "app.invoiceproduct", "pk": 39, "fields": {"invoice": 6, "quantity": 24, "product_number": "3364000"}}, {"model": "app.invoiceproduct", "pk": 40, "fields": {"invoice": 6, "quantity": 6, "product_number": "3364001"}}, {"model": "app.invoiceproduct", "pk": 41, "fields": {"invoice": 6, "quantity": 12, "product_number": "3364002"}}, {"model": "app.invoiceproduct", "pk": 42, "fields": {"invoice": 6, "quantity": 12, "product_number": "3364003"}}, {"model": "app.invoiceproduct", "pk": 43, "fields": {"invoice": 6, "quantity": 12, "product_number": "3364004"}}, {"model": "app.invoiceproduct", "pk": 44, "fields": {"invoice": 6, "quantity": 12, "product_number": "3364005"}}, {"model": "app.invoiceproduct", "pk": 45, "fields": {"invoice": 7, "quantity": 24, "product_number": "3363997"}}, {"model": "app.invoiceproduct", "pk": 46, "fields": {"invoice": 7, "quantity": 24, "product_number": "3363998"}}, {"model": "app.invoiceproduct", "pk": 47, "fields": {"invoice": 7, "quantity": 12, "product_number": "3363999"}}, {"model": "app.invoiceproduct", "pk": 48, "fields": {"invoice": 7, "quantity": 24, "product_number": "3364000"}}, {"model": "app.invoiceproduct", "pk": 49, "fields": {"invoice": 7, "quantity": 6, "product_number": "3364001"}}, {"model": "app.invoiceproduct", "pk": 50, "fields": {"invoice": 7, "quantity": 12, "product_number": "3364002"}}, {"model": "app.invoiceproduct", "pk": 51, "fields": {"invoice": 7, "quantity": 12, "product_number": "3364003"}}, {"model": "app.invoiceproduct", "pk": 52, "fields": {"invoice": 7, "quantity": 12, "product_number": "3364004"}}, {"model": "app.invoiceproduct", "pk": 53, "fields": {"invoice": 7, "quantity": 12, "product_number": "3364005"}}, {"model": "app.invoiceproduct", "pk": 54, "fields": {"invoice": 8, "quantity": 12, "product_number": "3363995"}}, {"model": "app.invoiceproduct", "pk": 55, "fields": {"invoice": 8, "quantity": 12, "product_number": "3363996"}}, {"model": "app.invoiceproduct", "pk": 56, "fields": {"invoice": 8, "quantity": 30, "product_number": "3363997"}}, {"model": "app.invoiceproduct", "pk": 57, "fields": {"invoice": 8, "quantity": 30, "product_number": "3363998"}}, {"model": "app.invoiceproduct", "pk": 58, "fields": {"invoice": 8, "quantity": 24, "product_number": "3364000"}}, {"model": "app.invoiceproduct", "pk": 59, "fields": {"invoice": 8, "quantity": 12, "product_number": "3364001"}}, {"model": "app.invoiceproduct", "pk": 60, "fields": {"invoice": 8, "quantity": 12, "product_number": "3364002"}}, {"model": "app.invoiceproduct", "pk": 61, "fields": {"invoice": 8, "quantity": 12, "product_number": "3364004"}}, {"model": "app.invoiceproduct", "pk": 62, "fields": {"invoice": 8, "quantity": 12, "product_number": "3364005"}}, {"model": "app.invoiceproduct", "pk": 63, "fields": {"invoice": 9, "quantity": 12, "product_number": "3363995"}}, {"model": "app.invoiceproduct", "pk": 64, "fields": {"invoice": 9, "quantity": 12, "product_number": "3363996"}}, {"model": "app.invoiceproduct", "pk": 65, "fields": {"invoice": 9, "quantity": 12, "product_number": "3363997"}}, {"model": "app.invoiceproduct", "pk": 66, "fields": {"invoice": 9, "quantity": 12, "product_number": "3363999"}}, {"model": "app.invoiceproduct", "pk": 67, "fields": {"invoice": 9, "quantity": 12, "product_number": "3364000"}}, {"model": "app.invoiceproduct", "pk": 68, "fields": {"invoice": 9, "quantity": 12, "product_number": "3364003"}}, {"model": "app.invoiceproduct", "pk": 69, "fields": {"invoice": 9, "quantity": 24, "product_number": "3364004"}}, {"model": "app.invoiceproduct", "pk": 70, "fields": {"invoice": 9, "quantity": 24, "product_number": "3364005"}}, {"model": "app.invoiceproduct", "pk": 71, "fields": {"invoice": 10, "quantity": 12, "product_number": "3363995"}}, {"model": "app.invoiceproduct", "pk": 72, "fields": {"invoice": 10, "quantity": 24, "product_number": "3363996"}}, {"model": "app.invoiceproduct", "pk": 73, "fields": {"invoice": 10, "quantity": 24, "product_number": "3363997"}}, {"model": "app.invoiceproduct", "pk": 74, "fields": {"invoice": 10, "quantity": 12, "product_number": "3363998"}}, {"model": "app.invoiceproduct", "pk": 75, "fields": {"invoice": 10, "quantity": 12, "product_number": "3363999"}}, {"model": "app.invoiceproduct", "pk": 76, "fields": {"invoice": 10, "quantity": 24, "product_number": "3364000"}}, {"model": "app.invoiceproduct", "pk": 77, "fields": {"invoice": 10, "quantity": 12, "product_number": "3364002"}}, {"model": "app.invoiceproduct", "pk": 78, "fields": {"invoice": 10, "quantity": 12, "product_number": "3364003"}}, {"model": "app.invoiceproduct", "pk": 79, "fields": {"invoice": 10, "quantity": 24, "product_number": "3364004"}}, {"model": "app.invoiceproduct", "pk": 80, "fields": {"invoice": 10, "quantity": 24, "product_number": "3364005"}}, {"model": "app.invoiceproduct", "pk": 81, "fields": {"invoice": 11, "quantity": 6, "product_number": "3363997"}}, {"model": "app.invoiceproduct", "pk": 82, "fields": {"invoice": 11, "quantity": 6, "product_number": "3363998"}}, {"model": "app.invoiceproduct", "pk": 83, "fields": {"invoice": 11, "quantity": 4, "product_number": "3364001"}}, {"model": "app.invoiceproduct", "pk": 84, "fields": {"invoice": 11, "quantity": 6, "product_number": "3364002"}}, {"model": "app.invoiceproduct", "pk": 85, "fields": {"invoice": 11, "quantity": 6, "product_number": "3364003"}}, {"model": "app.invoiceproduct", "pk": 86, "fields": {"invoice": 11, "quantity": 6, "product_number": "3364004"}}, {"model": "app.invoiceproduct", "pk": 87, "fields": {"invoice": 11, "quantity": 6, "product_number": "3364005"}}, {"model": "app.invoiceproduct", "pk": 88, "fields": {"invoice": 12, "quantity": 12, "product_number": "3363995"}}, {"model": "app.invoiceproduct", "pk": 89, "fields": {"invoice": 12, "quantity": 12, "product_number": "3363997"}}, {"model": "app.invoiceproduct", "pk": 90, "fields": {"invoice": 12, "quantity": 24, "product_number": "3363998"}}, {"model": "app.invoiceproduct", "pk": 91, "fields": {"invoice": 12, "quantity": 12, "product_number": "3364002"}}, {"model": "app.invoiceproduct", "pk": 92, "fields": {"invoice": 12, "quantity": 24, "product_number": "3364003"}}, {"model": "app.invoiceproduct", "pk": 93, "fields": {"invoice": 12, "quantity": 12, "product_number": "3364004"}}, {"model": "app.invoiceproduct", "pk": 94, "fields": {"invoice": 12, "quantity": 24, "product_number": "3364005"}}, {"model": "app.invoiceproduct", "pk": 95, "fields": {"invoice": 13, "quantity": 12, "product_number": "3363997"}}, {"model": "app.invoiceproduct", "pk": 96, "fields": {"invoice": 13, "quantity": 12, "product_number": "3363998"}}, {"model": "app.invoiceproduct", "pk": 97, "fields": {"invoice": 13, "quantity": 12, "product_number": "3363999"}}, {"model": "app.invoiceproduct", "pk": 98, "fields": {"invoice": 13, "quantity": 12, "product_number": "3364000"}}, {"model": "app.invoiceproduct", "pk": 99, "fields": {"invoice": 13, "quantity": 4, "product_number": "3364001"}}, {"model": "app.invoiceproduct", "pk": 100, "fields": {"invoice": 13, "quantity": 12, "product_number": "3364003"}}, {"model": "app.invoiceproduct", "pk": 101, "fields": {"invoice": 13, "quantity": 12, "product_number": "3364004"}}, {"model": "app.invoiceproduct", "pk": 102, "fields": {"invoice": 13, "quantity": 12, "product_number": "3364005"}}, {"model": "app.invoiceproduct", "pk": 103, "fields": {"invoice": 14, "quantity": 6, "product_number": "3363995"}}, {"model": "app.invoiceproduct", "pk": 104, "fields": {"invoice": 14, "quantity": 6, "product_number": "3363996"}}, {"model": "app.invoiceproduct", "pk": 105, "fields": {"invoice": 14, "quantity": 12, "product_number": "3363997"}}, {"model": "app.invoiceproduct", "pk": 106, "fields": {"invoice": 14, "quantity": 8, "product_number": "3363998"}}, {"model": "app.invoiceproduct", "pk": 107, "fields": {"invoice": 14, "quantity": 4, "product_number": "3364001"}}, {"model": "app.invoiceproduct", "pk": 108, "fields": {"invoice": 14, "quantity": 6, "product_number": "3364002"}}, {"model": "app.invoiceproduct", "pk": 109, "fields": {"invoice": 14, "quantity": 8, "product_number": "3364003"}}, {"model": "app.invoiceproduct", "pk": 110, "fields": {"invoice": 14, "quantity": 6, "product_number": "3364004"}}, {"model": "app.invoiceproduct", "pk": 111, "fields": {"invoice": 14, "quantity": 6, "product_number": "3364005"}}, {"model": "app.invoiceproduct", "pk": 112, "fields": {"invoice": 15, "quantity": 12, "product_number": "3363995"}}, {"model": "app.invoiceproduct", "pk": 113, "fields": {"invoice": 15, "quantity": 12, "product_number": "3363996"}}, {"model": "app.invoiceproduct", "pk": 114, "fields": {"invoice": 15, "quantity": 8, "product_number": "3363997"}}, {"model": "app.invoiceproduct", "pk": 115, "fields": {"invoice": 15, "quantity": 12, "product_number": "3363998"}}, {"model": "app.invoiceproduct", "pk": 116, "fields": {"invoice": 15, "quantity": 12, "product_number": "3363999"}}, {"model": "app.invoiceproduct", "pk": 117, "fields": {"invoice": 15, "quantity": 12, "product_number": "3364000"}}, {"model": "app.invoiceproduct", "pk": 118, "fields": {"invoice": 15, "quantity": 12, "product_number": "3364002"}}, {"model": "app.invoiceproduct", "pk": 119, "fields": {"invoice": 16, "quantity": 12, "product_number": "3363995"}}, {"model": "app.invoiceproduct", "pk": 120, "fields": {"invoice": 16, "quantity": 12, "product_number": "3363996"}}, {"model": "app.invoiceproduct", "pk": 121, "fields": {"invoice": 16, "quantity": 24, "product_number": "3363997"}}, {"model": "app.invoiceproduct", "pk": 122, "fields": {"invoice": 16, "quantity": 12, "product_number": "3363998"}}, {"model": "app.invoiceproduct", "pk": 123, "fields": {"invoice": 16, "quantity": 8, "product_number": "3364000"}}, {"model": "app.invoiceproduct", "pk": 124, "fields": {"invoice": 16, "quantity": 6, "product_number": "3364001"}}, {"model": "app.invoiceproduct", "pk": 125, "fields": {"invoice": 16, "quantity": 8, "product_number": "3364002"}}, {"model": "app.invoiceproduct", "pk": 126, "fields": {"invoice": 16, "quantity": 12, "product_number": "3364003"}}, {"model": "app.invoiceproduct", "pk": 127, "fields": {"invoice": 16, "quantity": 12, "product_number": "3364004"}}, {"model": "app.invoiceproduct", "pk": 128, "fields": {"invoice": 16, "quantity": 12, "product_number": "3364005"}}, {"model": "app.invoiceproduct", "pk": 129, "fields": {"invoice": 17, "quantity": 12, "product_number": "3362216"}}, {"model": "app.invoiceproduct", "pk": 130, "fields": {"invoice": 17, "quantity": 28, "product_number": "3362223"}}, {"model": "app.invoiceproduct", "pk": 131, "fields": {"invoice": 17, "quantity": 28, "product_number": "3362220"}}, {"model": "app.invoiceproduct", "pk": 132, "fields": {"invoice": 17, "quantity": 28, "product_number": "3362221"}}, {"model": "app.invoiceproduct", "pk": 133, "fields": {"invoice": 17, "quantity": 6, "product_number": "3362224"}}, {"model": "app.invoiceproduct", "pk": 134, "fields": {"invoice": 17, "quantity": 12, "product_number": "3359231"}}, {"model": "app.invoiceproduct", "pk": 135, "fields": {"invoice": 18, "quantity": 12, "product_number": "3362216"}}, {"model": "app.invoiceproduct", "pk": 136, "fields": {"invoice": 18, "quantity": 28, "product_number": "3362223"}}, {"model": "app.invoiceproduct", "pk": 137, "fields": {"invoice": 18, "quantity": 28, "product_number": "3362220"}}, {"model": "app.invoiceproduct", "pk": 138, "fields": {"invoice": 18, "quantity": 28, "product_number": "3362221"}}, {"model": "app.invoiceproduct", "pk": 139, "fields": {"invoice": 18, "quantity": 6, "product_number": "3362224"}}, {"model": "app.invoiceproduct", "pk": 140, "fields": {"invoice": 18, "quantity": 12, "product_number": "3359231"}}, {"model": "app.invoiceproduct", "pk": 141, "fields": {"invoice": 19, "quantity": 12, "product_number": "3362229"}}, {"model": "app.invoiceproduct", "pk": 142, "fields": {"invoice": 19, "quantity": 12, "product_number": "3362232"}}, {"model": "app.invoiceproduct", "pk": 143, "fields": {"invoice": 19, "quantity": 10, "product_number": "3362233"}}, {"model": "app.invoiceproduct", "pk": 144, "fields": {"invoice": 19, "quantity": 12, "product_number": "3362234"}}, {"model": "app.invoiceproduct", "pk": 145, "fields": {"invoice": 19, "quantity": 12, "product_number": "3362235"}}, {"model": "app.invoiceproduct", "pk": 146, "fields": {"invoice": 20, "quantity": 24, "product_number": "3362220"}}, {"model": "app.invoiceproduct", "pk": 147, "fields": {"invoice": 20, "quantity": 24, "product_number": "3362221"}}, {"model": "app.invoiceproduct", "pk": 148, "fields": {"invoice": 20, "quantity": 12, "product_number": "3362222"}}, {"model": "app.invoiceproduct", "pk": 149, "fields": {"invoice": 20, "quantity": 24, "product_number": "3362223"}}, {"model": "app.invoiceproduct", "pk": 150, "fields": {"invoice": 20, "quantity": 16, "product_number": "3362226"}}, {"model": "app.invoiceproduct", "pk": 151, "fields": {"invoice": 20, "quantity": 12, "product_number": "3362227"}}, {"model": "app.invoiceproduct", "pk": 152, "fields": {"invoice": 20, "quantity": 12, "product_number": "3362228"}}, {"model": "app.invoiceproduct", "pk": 153, "fields": {"invoice": 21, "quantity": 12, "product_number": "3362218"}}, {"model": "app.invoiceproduct", "pk": 154, "fields": {"invoice": 21, "quantity": 12, "product_number": "3362219"}}, {"model": "app.invoiceproduct", "pk": 155, "fields": {"invoice": 21, "quantity": 24, "product_number": "3362220"}}, {"model": "app.invoiceproduct", "pk": 156, "fields": {"invoice": 21, "quantity": 12, "product_number": "3362221"}}, {"model": "app.invoiceproduct", "pk": 157, "fields": {"invoice": 21, "quantity": 12, "product_number": "3362222"}}, {"model": "app.invoiceproduct", "pk": 158, "fields": {"invoice": 21, "quantity": 6, "product_number": "3362224"}}, {"model": "app.invoiceproduct", "pk": 159, "fields": {"invoice": 21, "quantity": 12, "product_number": "3362226"}}, {"model": "app.invoiceproduct", "pk": 160, "fields": {"invoice": 21, "quantity": 12, "product_number": "3362227"}}, {"model": "app.invoiceproduct", "pk": 161, "fields": {"invoice": 21, "quantity": 12, "product_number": "3362228"}}, {"model": "app.invoiceproduct", "pk": 162, "fields": {"invoice": 21, "quantity": 24, "product_number": "3362223"}}, {"model": "app.invoiceproduct", "pk": 163, "fields": {"invoice": 22, "quantity": 12, "product_number": "3362218"}}, {"model": "app.invoiceproduct", "pk": 164, "fields": {"invoice": 22, "quantity": 12, "product_number": "3362219"}}, {"model": "app.invoiceproduct", "pk": 165, "fields": {"invoice": 22, "quantity": 24, "product_number": "3362220"}}, {"model": "app.invoiceproduct", "pk": 166, "fields": {"invoice": 22, "quantity": 12, "product_number": "3362221"}}, {"model": "app.invoiceproduct", "pk": 167, "fields": {"invoice": 22, "quantity": 12, "product_number": "3362222"}}, {"model": "app.invoiceproduct", "pk": 168, "fields": {"invoice": 22, "quantity": 12, "product_number": "3362223"}}, {"model": "app.invoiceproduct", "pk": 169, "fields": {"invoice": 22, "quantity": 12, "product_number": "3362226"}}, {"model": "app.invoiceproduct", "pk": 170, "fields": {"invoice": 23, "quantity": 12, "product_number": "3362229"}}, {"model": "app.invoiceproduct", "pk": 171, "fields": {"invoice": 23, "quantity": 6, "product_number": "3362232"}}, {"model": "app.invoiceproduct", "pk": 172, "fields": {"invoice": 23, "quantity": 6, "product_number": "3362233"}}, {"model": "app.invoiceproduct", "pk": 173, "fields": {"invoice": 23, "quantity": 12, "product_number": "3362234"}}, {"model": "app.invoiceproduct", "pk": 174, "fields": {"invoice": 23, "quantity": 12, "product_number": "3362235"}}, {"model": "app.invoiceproduct", "pk": 175, "fields": {"invoice": 24, "quantity": 12, "product_number": "3363995"}}, {"model": "app.invoiceproduct", "pk": 176, "fields": {"invoice": 24, "quantity": 12, "product_number": "3364003"}}, {"model": "app.invoiceproduct", "pk": 177, "fields": {"invoice": 24, "quantity": 12, "product_number": "3364004"}}, {"model": "app.invoiceproduct", "pk": 178, "fields": {"invoice": 24, "quantity": 12, "product_number": "3364005"}}, {"model": "app.invoiceproduct", "pk": 179, "fields": {"invoice": 24, "quantity": 12, "product_number": "3359236"}}, {"model": "app.invoiceproduct", "pk": 180, "fields": {"invoice": 25, "quantity": 24, "product_number": "3362220"}}, {"model": "app.invoiceproduct", "pk": 181, "fields": {"invoice": 25, "quantity": 24, "product_number": "3362221"}}, {"model": "app.invoiceproduct", "pk": 182, "fields": {"invoice": 25, "quantity": 24, "product_number": "3362222"}}, {"model": "app.invoiceproduct", "pk": 183, "fields": {"invoice": 25, "quantity": 24, "product_number": "3362223"}}, {"model": "app.invoiceproduct", "pk": 184, "fields": {"invoice": 25, "quantity": 6, "product_number": "3362224"}}, {"model": "app.invoiceproduct", "pk": 185, "fields": {"invoice": 25, "quantity": 12, "product_number": "3362226"}}, {"model": "app.invoiceproduct", "pk": 186, "fields": {"invoice": 25, "quantity": 12, "product_number": "3362227"}}, {"model": "app.invoiceproduct", "pk": 187, "fields": {"invoice": 25, "quantity": 12, "product_number": "3362228"}}, {"model": "app.invoiceproduct", "pk": 188, "fields": {"invoice": 26, "quantity": 24, "product_number": "3362220"}}, {"model": "app.invoiceproduct", "pk": 189, "fields": {"invoice": 26, "quantity": 12, "product_number": "3362221"}}, {"model": "app.invoiceproduct", "pk": 190, "fields": {"invoice": 26, "quantity": 12, "product_number": "3362222"}}, {"model": "app.invoiceproduct", "pk": 191, "fields": {"invoice": 26, "quantity": 15, "product_number": "3362223"}}, {"model": "app.invoiceproduct", "pk": 192, "fields": {"invoice": 26, "quantity": 6, "product_number": "3362224"}}, {"model": "app.invoiceproduct", "pk": 193, "fields": {"invoice": 26, "quantity": 12, "product_number": "3362226"}}, {"model": "app.invoiceproduct", "pk": 194, "fields": {"invoice": 26, "quantity": 12, "product_number": "3362227"}}, {"model": "app.invoiceproduct", "pk": 195, "fields": {"invoice": 27, "quantity": 12, "product_number": "3363995"}}, {"model": "app.invoiceproduct", "pk": 196, "fields": {"invoice": 27, "quantity": 12, "product_number": "3363997"}}, {"model": "app.invoiceproduct", "pk": 197, "fields": {"invoice": 27, "quantity": 6, "product_number": "3364001"}}, {"model": "app.invoiceproduct", "pk": 198, "fields": {"invoice": 27, "quantity": 13, "product_number": "3364003"}}, {"model": "app.invoiceproduct", "pk": 199, "fields": {"invoice": 27, "quantity": 12, "product_number": "3359236"}}, {"model": "app.invoiceproduct", "pk": 200, "fields": {"invoice": 28, "quantity": 12, "product_number": "3363995"}}, {"model": "app.invoiceproduct", "pk": 201, "fields": {"invoice": 28, "quantity": 12, "product_number": "3363996"}}, {"model": "app.invoiceproduct", "pk": 202, "fields": {"invoice": 28, "quantity": 12, "product_number": "3363997"}}, {"model": "app.invoiceproduct", "pk": 203, "fields": {"invoice": 28, "quantity": 12, "product_number": "3363998"}}, {"model": "app.invoiceproduct", "pk": 204, "fields": {"invoice": 28, "quantity": 12, "product_number": "3364003"}}, {"model": "app.invoiceproduct", "pk": 205, "fields": {"invoice": 28, "quantity": 12, "product_number": "3364004"}}, {"model": "app.invoiceproduct", "pk": 206, "fields": {"invoice": 28, "quantity": 12, "product_number": "3364005"}}, {"model": "app.invoiceproduct", "pk": 207, "fields": {"invoice": 28, "quantity": 6, "product_number": "3359236"}}, {"model": "app.invoiceproduct", "pk": 208, "fields": {"invoice": 29, "quantity": 12, "product_number": "3363995"}}, {"model": "app.invoiceproduct", "pk": 209, "fields": {"invoice": 29, "quantity": 12, "product_number": "3363996"}}, {"model": "app.invoiceproduct", "pk": 210, "fields": {"invoice": 29, "quantity": 12, "product_number": "3359236"}}, {"model": "app.invoiceproduct", "pk": 211, "fields": {"invoice": 30, "quantity": 10, "product_number": "3359231"}}, {"model": "app.invoiceproduct", "pk": 212, "fields": {"invoice": 31, "quantity": 12, "product_number": "3363995"}}, {"model": "app.invoiceproduct", "pk": 213, "fields": {"invoice": 31, "quantity": 12, "product_number": "3363996"}}, {"model": "app.invoiceproduct", "pk": 214, "fields": {"invoice": 31, "quantity": 12, "product_number": "3363997"}}, {"model": "app.invoiceproduct", "pk": 215, "fields": {"invoice": 31, "quantity": 12, "product_number": "3363998"}}, {"model": "app.invoiceproduct", "pk": 216, "fields": {"invoice": 31, "quantity": 12, "product_number": "3364003"}}, {"model": "app.invoiceproduct", "pk": 217, "fields": {"invoice": 31, "quantity": 12, "product_number": "3364004"}}, {"model": "app.invoiceproduct", "pk": 218, "fields": {"invoice": 31, "quantity": 12, "product_number": "3364005"}}, {"model": "app.invoiceproduct", "pk": 219, "fields": {"invoice": 31, "quantity": 12, "product_number": "3359236"}}, {"model": "app.invoiceproduct", "pk": 220, "fields": {"invoice": 32, "quantity": 6, "product_number": "3364002"}}, {"model": "app.invoiceproduct", "pk": 221, "fields": {"invoice": 32, "quantity": 12, "product_number": "3364003"}}, {"model": "app.invoiceproduct", "pk": 222, "fields": {"invoice": 32, "quantity": 8, "product_number": "3359236"}}, {"model": "app.invoiceproduct", "pk": 223, "fields": {"invoice": 33, "quantity": 12, "product_number": "3363995"}}, {"model": "app.invoiceproduct", "pk": 224, "fields": {"invoice": 33, "quantity": 12, "product_number": "3363996"}}, {"model": "app.invoiceproduct", "pk": 225, "fields": {"invoice": 33, "quantity": 12, "product_number": "3363997"}}, {"model": "app.invoiceproduct", "pk": 226, "fields": {"invoice": 33, "quantity": 12, "product_number": "3363998"}}, {"model": "app.invoiceproduct", "pk": 227, "fields": {"invoice": 33, "quantity": 12, "product_number": "3364000"}}, {"model": "app.invoiceproduct", "pk": 228, "fields": {"invoice": 33, "quantity": 12, "product_number": "3364004"}}, {"model": "app.invoiceproduct", "pk": 229, "fields": {"invoice": 33, "quantity": 12, "product_number": "3364005"}}, {"model": "app.invoiceproduct", "pk": 230, "fields": {"invoice": 34, "quantity": 12, "product_number": "3363995"}}, {"model": "app.invoiceproduct", "pk": 231, "fields": {"invoice": 34, "quantity": 12, "product_number": "3363996"}}, {"model": "app.invoiceproduct", "pk": 232, "fields": {"invoice": 34, "quantity": 8, "product_number": "3364002"}}, {"model": "app.invoiceproduct", "pk": 233, "fields": {"invoice": 34, "quantity": 12, "product_number": "3364003"}}, {"model": "app.invoiceproduct", "pk": 234, "fields": {"invoice": 34, "quantity": 12, "product_number": "3364005"}}, {"model": "app.invoiceproduct", "pk": 235, "fields": {"invoice": 34, "quantity": 12, "product_number": "3359236"}}, {"model": "app.invoiceproduct", "pk": 236, "fields": {"invoice": 35, "quantity": 6, "product_number": "3363995"}}, {"model": "app.invoiceproduct", "pk": 237, "fields": {"invoice": 35, "quantity": 6, "product_number": "3363996"}}, {"model": "app.invoiceproduct", "pk": 238, "fields": {"invoice": 35, "quantity": 6, "product_number": "3363997"}}, {"model": "app.invoiceproduct", "pk": 239, "fields": {"invoice": 35, "quantity": 6, "product_number": "3363998"}}, {"model": "app.invoiceproduct", "pk": 240, "fields": {"invoice": 35, "quantity": 4, "product_number": "3364001"}}, {"model": "app.invoiceproduct", "pk": 241, "fields": {"invoice": 35, "quantity": 6, "product_number": "3364004"}}, {"model": "app.invoiceproduct", "pk": 242, "fields": {"invoice": 35, "quantity": 6, "product_number": "3364005"}}, {"model": "app.invoiceproduct", "pk": 243, "fields": {"invoice": 35, "quantity": 6, "product_number": "3359236"}}, {"model": "app.invoiceproduct", "pk": 244, "fields": {"invoice": 36, "quantity": 24, "product_number": "1436000004"}}, {"model": "app.invoiceproduct", "pk": 245, "fields": {"invoice": 36, "quantity": 24, "product_number": "1436000006"}}, {"model": "app.invoiceproduct", "pk": 246, "fields": {"invoice": 36, "quantity": 12, "product_number": "1436000001"}}, {"model": "app.invoiceproduct", "pk": 247, "fields": {"invoice": 36, "quantity": 24, "product_number": "1436000005"}}, {"model": "app.invoiceproduct", "pk": 248, "fields": {"invoice": 36, "quantity": 6, "product_number": "1436000007"}}, {"model": "app.invoiceproduct", "pk": 249, "fields": {"invoice": 36, "quantity": 24, "product_number": "1436000009"}}, {"model": "app.invoiceproduct", "pk": 250, "fields": {"invoice": 36, "quantity": 12, "product_number": "1436000008"}}, {"model": "app.invoiceproduct", "pk": 251, "fields": {"invoice": 36, "quantity": 12, "product_number": "1436000002"}}, {"model": "app.invoiceproduct", "pk": 252, "fields": {"invoice": 36, "quantity": 24, "product_number": "1436000003"}}, {"model": "app.invoiceproduct", "pk": 253, "fields": {"invoice": 36, "quantity": 24, "product_number": "1436000010"}}, {"model": "app.invoiceproduct", "pk": 254, "fields": {"invoice": 37, "quantity": 6, "product_number": "3364003"}}, {"model": "app.invoiceproduct", "pk": 255, "fields": {"invoice": 37, "quantity": 6, "product_number": "3364002"}}, {"model": "app.invoiceproduct", "pk": 256, "fields": {"invoice": 38, "quantity": 12, "product_number": "3363995"}}, {"model": "app.invoiceproduct", "pk": 257, "fields": {"invoice": 38, "quantity": 6, "product_number": "3363996"}}, {"model": "app.invoiceproduct", "pk": 258, "fields": {"invoice": 38, "quantity": 24, "product_number": "3363997"}}, {"model": "app.invoiceproduct", "pk": 259, "fields": {"invoice": 38, "quantity": 12, "product_number": "3363998"}}, {"model": "app.invoiceproduct", "pk": 260, "fields": {"invoice": 38, "quantity": 6, "product_number": "3364001"}}, {"model": "app.invoiceproduct", "pk": 261, "fields": {"invoice": 38, "quantity": 12, "product_number": "3364002"}}, {"model": "app.invoiceproduct", "pk": 262, "fields": {"invoice": 38, "quantity": 12, "product_number": "3364004"}}, {"model": "app.invoiceproduct", "pk": 263, "fields": {"invoice": 38, "quantity": 12, "product_number": "3364005"}}, {"model": "app.invoiceproduct", "pk": 264, "fields": {"invoice": 39, "quantity": 12, "product_number": "3363995"}}, {"model": "app.invoiceproduct", "pk": 265, "fields": {"invoice": 39, "quantity": 12, "product_number": "3363997"}}, {"model": "app.invoiceproduct", "pk": 266, "fields": {"invoice": 39, "quantity": 12, "product_number": "3363998"}}, {"model": "app.invoiceproduct", "pk": 267, "fields": {"invoice": 39, "quantity": 12, "product_number": "3364002"}}, {"model": "app.invoiceproduct", "pk": 268, "fields": {"invoice": 39, "quantity": 12, "product_number": "3364003"}}, {"model": "app.invoiceproduct", "pk": 269, "fields": {"invoice": 39, "quantity": 12, "product_number": "3364004"}}, {"model": "app.invoiceproduct", "pk": 270, "fields": {"invoice": 39, "quantity": 12, "product_number": "3364005"}}, {"model": "app.invoiceproduct", "pk": 271, "fields": {"invoice": 40, "quantity": 6, "product_number": "3363995"}}, {"model": "app.invoiceproduct", "pk": 272, "fields": {"invoice": 40, "quantity": 6, "product_number": "3363996"}}, {"model": "app.invoiceproduct", "pk": 273, "fields": {"invoice": 40, "quantity": 12, "product_number": "3363997"}}, {"model": "app.invoiceproduct", "pk": 274, "fields": {"invoice": 40, "quantity": 6, "product_number": "3363998"}}, {"model": "app.invoiceproduct", "pk": 275, "fields": {"invoice": 40, "quantity": 6, "product_number": "3364004"}}, {"model": "app.invoiceproduct", "pk": 276, "fields": {"invoice": 40, "quantity": 6, "product_number": "3364005"}}, {"model": "app.invoiceproduct", "pk": 277, "fields": {"invoice": 41, "quantity": 6, "product_number": "3363995"}}, {"model": "app.invoiceproduct", "pk": 278, "fields": {"invoice": 41, "quantity": 6, "product_number": "3363996"}}, {"model": "app.invoiceproduct", "pk": 279, "fields": {"invoice": 41, "quantity": 12, "product_number": "3363997"}}, {"model": "app.invoiceproduct", "pk": 280, "fields": {"invoice": 41, "quantity": 12, "product_number": "3363998"}}, {"model": "app.invoiceproduct", "pk": 281, "fields": {"invoice": 41, "quantity": 6, "product_number": "3364001"}}, {"model": "app.invoiceproduct", "pk": 282, "fields": {"invoice": 41, "quantity": 6, "product_number": "3364002"}}, {"model": "app.invoiceproduct", "pk": 283, "fields": {"invoice": 41, "quantity": 6, "product_number": "3364003"}}, {"model": "app.invoiceproduct", "pk": 284, "fields": {"invoice": 41, "quantity": 12, "product_number": "3364004"}}, {"model": "app.invoiceproduct", "pk": 285, "fields": {"invoice": 41, "quantity": 12, "product_number": "3364005"}}, {"model": "app.invoiceproduct", "pk": 286, "fields": {"invoice": 42, "quantity": 6, "product_number": "3363995"}}, {"model": "app.invoiceproduct", "pk": 287, "fields": {"invoice": 42, "quantity": 6, "product_number": "3363996"}}, {"model": "app.invoiceproduct", "pk": 288, "fields": {"invoice": 42, "quantity": 24, "product_number": "3363997"}}, {"model": "app.invoiceproduct", "pk": 289, "fields": {"invoice": 42, "quantity": 12, "product_number": "3363998"}}, {"model": "app.invoiceproduct", "pk": 290, "fields": {"invoice": 42, "quantity": 12, "product_number": "3363999"}}, {"model": "app.invoiceproduct", "pk": 291, "fields": {"invoice": 42, "quantity": 12, "product_number": "3364000"}}, {"model": "app.invoiceproduct", "pk": 292, "fields": {"invoice": 42, "quantity": 6, "product_number": "3364001"}}, {"model": "app.invoiceproduct", "pk": 293, "fields": {"invoice": 42, "quantity": 6, "product_number": "3364002"}}, {"model": "app.invoiceproduct", "pk": 294, "fields": {"invoice": 42, "quantity": 12, "product_number": "3364003"}}, {"model": "app.invoiceproduct", "pk": 295, "fields": {"invoice": 42, "quantity": 12, "product_number": "3364004"}}, {"model": "app.invoiceproduct", "pk": 296, "fields": {"invoice": 42, "quantity": 12, "product_number": "3364005"}}, {"model": "app.invoiceproduct", "pk": 297, "fields": {"invoice": 43, "quantity": 12, "product_number": "3363995"}}, {"model": "app.invoiceproduct", "pk": 298, "fields": {"invoice": 43, "quantity": 24, "product_number": "3363997"}}, {"model": "app.invoiceproduct", "pk": 299, "fields": {"invoice": 43, "quantity": 12, "product_number": "3363998"}}, {"model": "app.invoiceproduct", "pk": 300, "fields": {"invoice": 43, "quantity": 6, "product_number": "3364002"}}, {"model": "app.invoiceproduct", "pk": 301, "fields": {"invoice": 43, "quantity": 12, "product_number": "3364003"}}, {"model": "app.invoiceproduct", "pk": 302, "fields": {"invoice": 43, "quantity": 12, "product_number": "3364004"}}, {"model": "app.invoiceproduct", "pk": 303, "fields": {"invoice": 43, "quantity": 12, "product_number": "3364005"}}, {"model": "app.invoiceproduct", "pk": 304, "fields": {"invoice": 44, "quantity": 24, "product_number": "3363995"}}, {"model": "app.invoiceproduct", "pk": 305, "fields": {"invoice": 44, "quantity": 12, "product_number": "3363996"}}, {"model": "app.invoiceproduct", "pk": 306, "fields": {"invoice": 44, "quantity": 24, "product_number": "3363997"}}, {"model": "app.invoiceproduct", "pk": 307, "fields": {"invoice": 44, "quantity": 12, "product_number": "3363998"}}, {"model": "app.invoiceproduct", "pk": 308, "fields": {"invoice": 44, "quantity": 12, "product_number": "3363999"}}, {"model": "app.invoiceproduct", "pk": 309, "fields": {"invoice": 44, "quantity": 12, "product_number": "3364000"}}, {"model": "app.invoiceproduct", "pk": 310, "fields": {"invoice": 44, "quantity": 12, "product_number": "3364004"}}, {"model": "app.invoiceproduct", "pk": 311, "fields": {"invoice": 44, "quantity": 12, "product_number": "3364005"}}, {"model": "app.invoiceproduct", "pk": 312, "fields": {"invoice": 45, "quantity": 24, "product_number": "3363995"}}, {"model": "app.invoiceproduct", "pk": 313, "fields": {"invoice": 45, "quantity": 12, "product_number": "3363996"}}, {"model": "app.invoiceproduct", "pk": 314, "fields": {"invoice": 45, "quantity": 24, "product_number": "3363997"}}, {"model": "app.invoiceproduct", "pk": 315, "fields": {"invoice": 45, "quantity": 24, "product_number": "3363998"}}, {"model": "app.invoiceproduct", "pk": 316, "fields": {"invoice": 45, "quantity": 12, "product_number": "3363999"}}, {"model": "app.invoiceproduct", "pk": 317, "fields": {"invoice": 45, "quantity": 12, "product_number": "3364000"}}, {"model": "app.invoiceproduct", "pk": 318, "fields": {"invoice": 45, "quantity": 8, "product_number": "3364001"}}, {"model": "app.invoiceproduct", "pk": 319, "fields": {"invoice": 45, "quantity": 24, "product_number": "3364003"}}, {"model": "app.invoiceproduct", "pk": 320, "fields": {"invoice": 45, "quantity": 24, "product_number": "3364004"}}, {"model": "app.invoiceproduct", "pk": 321, "fields": {"invoice": 45, "quantity": 24, "product_number": "3364005"}}, {"model": "app.invoiceproduct", "pk": 322, "fields": {"invoice": 45, "quantity": 12, "product_number": "3359236"}}, {"model": "app.invoiceproduct", "pk": 323, "fields": {"invoice": 46, "quantity": 24, "product_number": "3364003"}}, {"model": "app.invoiceproduct", "pk": 324, "fields": {"invoice": 46, "quantity": 12, "product_number": "3359236"}}, {"model": "app.invoiceproduct", "pk": 325, "fields": {"invoice": 47, "quantity": 12, "product_number": "3363997"}}, {"model": "app.invoiceproduct", "pk": 326, "fields": {"invoice": 47, "quantity": 12, "product_number": "3363998"}}, {"model": "app.invoiceproduct", "pk": 327, "fields": {"invoice": 47, "quantity": 8, "product_number": "3364001"}}, {"model": "app.invoiceproduct", "pk": 328, "fields": {"invoice": 47, "quantity": 12, "product_number": "3364003"}}, {"model": "app.invoiceproduct", "pk": 329, "fields": {"invoice": 47, "quantity": 12, "product_number": "3364004"}}, {"model": "app.invoiceproduct", "pk": 330, "fields": {"invoice": 47, "quantity": 12, "product_number": "3364005"}}, {"model": "app.invoiceproduct", "pk": 331, "fields": {"invoice": 47, "quantity": 8, "product_number": "3359236"}}, {"model": "app.invoiceproduct", "pk": 332, "fields": {"invoice": 48, "quantity": 16, "product_number": "3364003"}}, {"model": "app.invoiceproduct", "pk": 333, "fields": {"invoice": 48, "quantity": 12, "product_number": "3359236"}}, {"model": "app.invoiceproduct", "pk": 334, "fields": {"invoice": 49, "quantity": 12, "product_number": "3363995"}}, {"model": "app.invoiceproduct", "pk": 335, "fields": {"invoice": 49, "quantity": 24, "product_number": "3363997"}}, {"model": "app.invoiceproduct", "pk": 336, "fields": {"invoice": 49, "quantity": 12, "product_number": "3363999"}}, {"model": "app.invoiceproduct", "pk": 337, "fields": {"invoice": 49, "quantity": 12, "product_number": "3364000"}}, {"model": "app.invoiceproduct", "pk": 338, "fields": {"invoice": 49, "quantity": 12, "product_number": "3364003"}}, {"model": "app.invoiceproduct", "pk": 339, "fields": {"invoice": 49, "quantity": 12, "product_number": "3364004"}}, {"model": "app.invoiceproduct", "pk": 340, "fields": {"invoice": 49, "quantity": 12, "product_number": "3359236"}}, {"model": "app.invoiceproduct", "pk": 341, "fields": {"invoice": 50, "quantity": 12, "product_number": "1436000009"}}, {"model": "app.invoiceproduct", "pk": 342, "fields": {"invoice": 50, "quantity": 24, "product_number": "1436000003"}}, {"model": "app.invoiceproduct", "pk": 343, "fields": {"invoice": 50, "quantity": 12, "product_number": "1436000008"}}, {"model": "app.invoiceproduct", "pk": 344, "fields": {"invoice": 50, "quantity": 12, "product_number": "1436000001"}}, {"model": "app.invoiceproduct", "pk": 345, "fields": {"invoice": 51, "quantity": 12, "product_number": "3363995"}}, {"model": "app.invoiceproduct", "pk": 346, "fields": {"invoice": 51, "quantity": 12, "product_number": "3363996"}}, {"model": "app.invoiceproduct", "pk": 347, "fields": {"invoice": 51, "quantity": 12, "product_number": "3363997"}}, {"model": "app.invoiceproduct", "pk": 348, "fields": {"invoice": 51, "quantity": 12, "product_number": "3363998"}}, {"model": "app.invoiceproduct", "pk": 349, "fields": {"invoice": 51, "quantity": 6, "product_number": "3364001"}}, {"model": "app.invoiceproduct", "pk": 350, "fields": {"invoice": 51, "quantity": 6, "product_number": "3364002"}}, {"model": "app.invoiceproduct", "pk": 351, "fields": {"invoice": 51, "quantity": 12, "product_number": "3364003"}}, {"model": "app.invoiceproduct", "pk": 352, "fields": {"invoice": 51, "quantity": 12, "product_number": "3364004"}}, {"model": "app.invoiceproduct", "pk": 353, "fields": {"invoice": 51, "quantity": 12, "product_number": "3364005"}}, {"model": "app.invoiceproduct", "pk": 354, "fields": {"invoice": 51, "quantity": 6, "product_number": "3359236"}}, {"model": "app.invoiceproduct", "pk": 355, "fields": {"invoice": 52, "quantity": 12, "product_number": "3363995"}}, {"model": "app.invoiceproduct", "pk": 356, "fields": {"invoice": 52, "quantity": 12, "product_number": "3363996"}}, {"model": "app.invoiceproduct", "pk": 357, "fields": {"invoice": 52, "quantity": 12, "product_number": "3363997"}}, {"model": "app.invoiceproduct", "pk": 358, "fields": {"invoice": 52, "quantity": 12, "product_number": "3363998"}}, {"model": "app.invoiceproduct", "pk": 359, "fields": {"invoice": 52, "quantity": 12, "product_number": "3363999"}}, {"model": "app.invoiceproduct", "pk": 360, "fields": {"invoice": 52, "quantity": 12, "product_number": "3364000"}}, {"model": "app.invoiceproduct", "pk": 361, "fields": {"invoice": 52, "quantity": 6, "product_number": "3364004"}}, {"model": "app.invoiceproduct", "pk": 362, "fields": {"invoice": 52, "quantity": 6, "product_number": "3364005"}}, {"model": "app.invoiceproduct", "pk": 363, "fields": {"invoice": 53, "quantity": 24, "product_number": "3363995"}}, {"model": "app.invoiceproduct", "pk": 364, "fields": {"invoice": 53, "quantity": 12, "product_number": "3363996"}}, {"model": "app.invoiceproduct", "pk": 365, "fields": {"invoice": 53, "quantity": 24, "product_number": "3363997"}}, {"model": "app.invoiceproduct", "pk": 366, "fields": {"invoice": 53, "quantity": 12, "product_number": "3363998"}}, {"model": "app.invoiceproduct", "pk": 367, "fields": {"invoice": 53, "quantity": 12, "product_number": "3364000"}}, {"model": "app.invoiceproduct", "pk": 368, "fields": {"invoice": 53, "quantity": 12, "product_number": "3364004"}}, {"model": "app.invoiceproduct", "pk": 369, "fields": {"invoice": 53, "quantity": 12, "product_number": "3364005"}}, {"model": "app.invoiceproduct", "pk": 370, "fields": {"invoice": 53, "quantity": 12, "product_number": "3363999"}}, {"model": "app.invoiceproduct", "pk": 371, "fields": {"invoice": 54, "quantity": 12, "product_number": "3363997"}}, {"model": "app.invoiceproduct", "pk": 372, "fields": {"invoice": 54, "quantity": 12, "product_number": "3363998"}}, {"model": "app.invoiceproduct", "pk": 373, "fields": {"invoice": 54, "quantity": 12, "product_number": "3364003"}}, {"model": "app.invoiceproduct", "pk": 374, "fields": {"invoice": 54, "quantity": 12, "product_number": "3364004"}}, {"model": "app.invoiceproduct", "pk": 375, "fields": {"invoice": 54, "quantity": 12, "product_number": "3364005"}}, {"model": "app.invoiceproduct", "pk": 376, "fields": {"invoice": 54, "quantity": 8, "product_number": "3359236"}}, {"model": "app.invoiceproduct", "pk": 377, "fields": {"invoice": 55, "quantity": 12, "product_number": "3363995"}}, {"model": "app.invoiceproduct", "pk": 378, "fields": {"invoice": 55, "quantity": 12, "product_number": "3363997"}}, {"model": "app.invoiceproduct", "pk": 379, "fields": {"invoice": 55, "quantity": 12, "product_number": "3363998"}}, {"model": "app.invoiceproduct", "pk": 380, "fields": {"invoice": 55, "quantity": 12, "product_number": "3364003"}}, {"model": "app.invoiceproduct", "pk": 381, "fields": {"invoice": 55, "quantity": 12, "product_number": "3364004"}}, {"model": "app.invoiceproduct", "pk": 382, "fields": {"invoice": 55, "quantity": 12, "product_number": "3364005"}}, {"model": "app.invoiceproduct", "pk": 383, "fields": {"invoice": 55, "quantity": 12, "product_number": "3359236"}}, {"model": "app.invoiceproduct", "pk": 384, "fields": {"invoice": 56, "quantity": 12, "product_number": "3363997"}}, {"model": "app.invoiceproduct", "pk": 385, "fields": {"invoice": 56, "quantity": 12, "product_number": "3363998"}}, {"model": "app.invoiceproduct", "pk": 386, "fields": {"invoice": 56, "quantity": 12, "product_number": "3363999"}}, {"model": "app.invoiceproduct", "pk": 387, "fields": {"invoice": 56, "quantity": 12, "product_number": "3364000"}}, {"model": "app.invoiceproduct", "pk": 388, "fields": {"invoice": 56, "quantity": 12, "product_number": "3364003"}}, {"model": "app.invoiceproduct", "pk": 389, "fields": {"invoice": 56, "quantity": 12, "product_number": "3364004"}}, {"model": "app.invoiceproduct", "pk": 390, "fields": {"invoice": 56, "quantity": 12, "product_number": "3364005"}}, {"model": "app.invoiceproduct", "pk": 391, "fields": {"invoice": 56, "quantity": 85, "product_number": "3359236"}}, {"model": "app.invoiceproduct", "pk": 392, "fields": {"invoice": 57, "quantity": 12, "product_number": "3363997"}}, {"model": "app.invoiceproduct", "pk": 393, "fields": {"invoice": 57, "quantity": 12, "product_number": "3363998"}}, {"model": "app.invoiceproduct", "pk": 394, "fields": {"invoice": 57, "quantity": 12, "product_number": "3363999"}}, {"model": "app.invoiceproduct", "pk": 395, "fields": {"invoice": 57, "quantity": 12, "product_number": "3364000"}}, {"model": "app.invoiceproduct", "pk": 396, "fields": {"invoice": 57, "quantity": 12, "product_number": "3364003"}}, {"model": "app.invoiceproduct", "pk": 397, "fields": {"invoice": 57, "quantity": 12, "product_number": "3364004"}}, {"model": "app.invoiceproduct", "pk": 398, "fields": {"invoice": 57, "quantity": 12, "product_number": "3364005"}}, {"model": "app.invoiceproduct", "pk": 399, "fields": {"invoice": 57, "quantity": 8, "product_number": "3359236"}}, {"model": "app.invoiceproduct", "pk": 400, "fields": {"invoice": 58, "quantity": 12, "product_number": "3363995"}}, {"model": "app.invoiceproduct", "pk": 401, "fields": {"invoice": 58, "quantity": 12, "product_number": "3363996"}}, {"model": "app.invoiceproduct", "pk": 402, "fields": {"invoice": 58, "quantity": 24, "product_number": "3363997"}}, {"model": "app.invoiceproduct", "pk": 403, "fields": {"invoice": 58, "quantity": 12, "product_number": "3363998"}}, {"model": "app.invoiceproduct", "pk": 404, "fields": {"invoice": 58, "quantity": 12, "product_number": "3363999"}}, {"model": "app.invoiceproduct", "pk": 405, "fields": {"invoice": 58, "quantity": 12, "product_number": "3364000"}}, {"model": "app.invoiceproduct", "pk": 406, "fields": {"invoice": 58, "quantity": 12, "product_number": "3364003"}}, {"model": "app.invoiceproduct", "pk": 407, "fields": {"invoice": 58, "quantity": 12, "product_number": "3364004"}}, {"model": "app.invoiceproduct", "pk": 408, "fields": {"invoice": 58, "quantity": 12, "product_number": "3364005"}}, {"model": "app.invoiceproduct", "pk": 409, "fields": {"invoice": 59, "quantity": 12, "product_number": "3363995"}}, {"model": "app.invoiceproduct", "pk": 410, "fields": {"invoice": 59, "quantity": 12, "product_number": "3363996"}}, {"model": "app.invoiceproduct", "pk": 411, "fields": {"invoice": 59, "quantity": 24, "product_number": "3363997"}}, {"model": "app.invoiceproduct", "pk": 412, "fields": {"invoice": 59, "quantity": 12, "product_number": "3363998"}}, {"model": "app.invoiceproduct", "pk": 413, "fields": {"invoice": 59, "quantity": 12, "product_number": "3363999"}}, {"model": "app.invoiceproduct", "pk": 414, "fields": {"invoice": 59, "quantity": 12, "product_number": "3364000"}}, {"model": "app.invoiceproduct", "pk": 415, "fields": {"invoice": 59, "quantity": 6, "product_number": "3364001"}}, {"model": "app.invoiceproduct", "pk": 416, "fields": {"invoice": 59, "quantity": 6, "product_number": "3364002"}}, {"model": "app.invoiceproduct", "pk": 417, "fields": {"invoice": 59, "quantity": 12, "product_number": "3364003"}}, {"model": "app.invoiceproduct", "pk": 418, "fields": {"invoice": 59, "quantity": 12, "product_number": "3364004"}}, {"model": "app.invoiceproduct", "pk": 419, "fields": {"invoice": 59, "quantity": 12, "product_number": "3364005"}}, {"model": "app.invoiceproduct", "pk": 420, "fields": {"invoice": 60, "quantity": 12, "product_number": "3363995"}}, {"model": "app.invoiceproduct", "pk": 421, "fields": {"invoice": 60, "quantity": 12, "product_number": "3363997"}}, {"model": "app.invoiceproduct", "pk": 422, "fields": {"invoice": 60, "quantity": 12, "product_number": "3363998"}}, {"model": "app.invoiceproduct", "pk": 423, "fields": {"invoice": 60, "quantity": 12, "product_number": "3363999"}}, {"model": "app.invoiceproduct", "pk": 424, "fields": {"invoice": 60, "quantity": 12, "product_number": "3364000"}}, {"model": "app.invoiceproduct", "pk": 425, "fields": {"invoice": 61, "quantity": 24, "product_number": "3363995"}}, {"model": "app.invoiceproduct", "pk": 426, "fields": {"invoice": 61, "quantity": 24, "product_number": "3363996"}}, {"model": "app.invoiceproduct", "pk": 427, "fields": {"invoice": 61, "quantity": 24, "product_number": "3363997"}}, {"model": "app.invoiceproduct", "pk": 428, "fields": {"invoice": 61, "quantity": 24, "product_number": "3363998"}}, {"model": "app.invoiceproduct", "pk": 429, "fields": {"invoice": 61, "quantity": 24, "product_number": "3363999"}}, {"model": "app.invoiceproduct", "pk": 430, "fields": {"invoice": 61, "quantity": 24, "product_number": "3364000"}}, {"model": "app.invoiceproduct", "pk": 431, "fields": {"invoice": 61, "quantity": 6, "product_number": "3364001"}}, {"model": "app.invoiceproduct", "pk": 432, "fields": {"invoice": 61, "quantity": 24, "product_number": "3364004"}}, {"model": "app.invoiceproduct", "pk": 433, "fields": {"invoice": 61, "quantity": 24, "product_number": "3364005"}}, {"model": "app.invoiceproduct", "pk": 434, "fields": {"invoice": 62, "quantity": 24, "product_number": "3363995"}}, {"model": "app.invoiceproduct", "pk": 435, "fields": {"invoice": 62, "quantity": 24, "product_number": "3363996"}}, {"model": "app.invoiceproduct", "pk": 436, "fields": {"invoice": 62, "quantity": 12, "product_number": "3363997"}}, {"model": "app.invoiceproduct", "pk": 437, "fields": {"invoice": 62, "quantity": 24, "product_number": "3363998"}}, {"model": "app.invoiceproduct", "pk": 438, "fields": {"invoice": 62, "quantity": 12, "product_number": "3364004"}}, {"model": "app.invoiceproduct", "pk": 439, "fields": {"invoice": 62, "quantity": 12, "product_number": "3364005"}}, {"model": "app.invoiceproduct", "pk": 440, "fields": {"invoice": 63, "quantity": 10, "product_number": "001"}}, {"model": "app.invoiceproduct", "pk": 441, "fields": {"invoice": 63, "quantity": 10, "product_number": "002"}}, {"model": "app.invoiceproduct", "pk": 442, "fields": {"invoice": 64, "quantity": 94, "product_number": "001"}}, {"model": "app.invoiceproduct", "pk": 443, "fields": {"invoice": 64, "quantity": 65, "product_number": "002"}}, {"model": "app.invoiceproduct", "pk": 444, "fields": {"invoice": 65, "quantity": 12, "product_number": "3363995"}}, {"model": "app.invoiceproduct", "pk": 445, "fields": {"invoice": 65, "quantity": 12, "product_number": "3363996"}}, {"model": "app.invoiceproduct", "pk": 446, "fields": {"invoice": 65, "quantity": 24, "product_number": "3363997"}}, {"model": "app.invoiceproduct", "pk": 447, "fields": {"invoice": 65, "quantity": 24, "product_number": "3363998"}}, {"model": "app.invoiceproduct", "pk": 448, "fields": {"invoice": 65, "quantity": 12, "product_number": "3363999"}}, {"model": "app.invoiceproduct", "pk": 449, "fields": {"invoice": 65, "quantity": 12, "product_number": "3364000"}}, {"model": "app.invoiceproduct", "pk": 450, "fields": {"invoice": 65, "quantity": 12, "product_number": "3364003"}}, {"model": "app.invoiceproduct", "pk": 451, "fields": {"invoice": 66, "quantity": 190, "product_number": "001"}}, {"model": "app.invoiceproduct", "pk": 452, "fields": {"invoice": 66, "quantity": 100, "product_number": "002"}}, {"model": "app.invoiceproduct", "pk": 453, "fields": {"invoice": 67, "quantity": 200, "product_number": "001"}}, {"model": "app.invoiceproduct", "pk": 454, "fields": {"invoice": 67, "quantity": 100, "product_number": "002"}}, {"model": "app.invoiceproduct", "pk": 455, "fields": {"invoice": 68, "quantity": 24, "product_number": "3363995"}}, {"model": "app.invoiceproduct", "pk": 456, "fields": {"invoice": 68, "quantity": 50, "product_number": "3363997"}}, {"model": "app.invoiceproduct", "pk": 457, "fields": {"invoice": 68, "quantity": 30, "product_number": "3363998"}}, {"model": "app.invoiceproduct", "pk": 458, "fields": {"invoice": 68, "quantity": 24, "product_number": "3363999"}}, {"model": "app.invoiceproduct", "pk": 459, "fields": {"invoice": 68, "quantity": 24, "product_number": "3364000"}}, {"model": "app.invoiceproduct", "pk": 460, "fields": {"invoice": 68, "quantity": 24, "product_number": "3364003"}}, {"model": "app.invoiceproduct", "pk": 461, "fields": {"invoice": 68, "quantity": 12, "product_number": "3364004"}}, {"model": "app.invoiceproduct", "pk": 462, "fields": {"invoice": 68, "quantity": 12, "product_number": "3364005"}}, {"model": "app.invoiceproduct", "pk": 463, "fields": {"invoice": 69, "quantity": 26, "product_number": "001"}}, {"model": "app.invoiceproduct", "pk": 464, "fields": {"invoice": 69, "quantity": 25, "product_number": "002"}}, {"model": "app.invoiceproduct", "pk": 465, "fields": {"invoice": 69, "quantity": 100, "product_number": "003"}}, {"model": "app.invoiceproduct", "pk": 466, "fields": {"invoice": 70, "quantity": 20, "product_number": "004"}}, {"model": "app.invoiceproduct", "pk": 467, "fields": {"invoice": 71, "quantity": 470, "product_number": "001"}}, {"model": "app.invoiceproduct", "pk": 468, "fields": {"invoice": 71, "quantity": 400, "product_number": "002"}}, {"model": "app.invoiceproduct", "pk": 469, "fields": {"invoice": 72, "quantity": 20, "product_number": "3363995"}}, {"model": "app.invoiceproduct", "pk": 470, "fields": {"invoice": 72, "quantity": 15, "product_number": "3363996"}}, {"model": "app.invoiceproduct", "pk": 471, "fields": {"invoice": 72, "quantity": 50, "product_number": "3363997"}}, {"model": "app.invoiceproduct", "pk": 472, "fields": {"invoice": 72, "quantity": 30, "product_number": "3363998"}}, {"model": "app.invoiceproduct", "pk": 473, "fields": {"invoice": 72, "quantity": 24, "product_number": "3363999"}}, {"model": "app.invoiceproduct", "pk": 474, "fields": {"invoice": 72, "quantity": 24, "product_number": "3364000"}}, {"model": "app.invoiceproduct", "pk": 475, "fields": {"invoice": 72, "quantity": 12, "product_number": "3364003"}}, {"model": "app.invoiceproduct", "pk": 476, "fields": {"invoice": 72, "quantity": 24, "product_number": "3364004"}}, {"model": "app.invoiceproduct", "pk": 477, "fields": {"invoice": 72, "quantity": 24, "product_number": "3364005"}}, {"model": "app.invoiceproduct", "pk": 478, "fields": {"invoice": 72, "quantity": 12, "product_number": "3359236"}}, {"model": "app.invoiceproduct", "pk": 479, "fields": {"invoice": 73, "quantity": 10, "product_number": "3363995"}}, {"model": "app.invoiceproduct", "pk": 480, "fields": {"invoice": 73, "quantity": 12, "product_number": "3363997"}}, {"model": "app.invoiceproduct", "pk": 481, "fields": {"invoice": 73, "quantity": 24, "product_number": "3363998"}}, {"model": "app.invoiceproduct", "pk": 482, "fields": {"invoice": 73, "quantity": 12, "product_number": "3363999"}}, {"model": "app.invoiceproduct", "pk": 483, "fields": {"invoice": 73, "quantity": 12, "product_number": "3364000"}}, {"model": "app.invoiceproduct", "pk": 484, "fields": {"invoice": 73, "quantity": 12, "product_number": "3364003"}}, {"model": "app.invoiceproduct", "pk": 485, "fields": {"invoice": 73, "quantity": 6, "product_number": "3359236"}}, {"model": "app.invoiceproduct", "pk": 486, "fields": {"invoice": 73, "quantity": 12, "product_number": "3362232"}}, {"model": "app.invoiceproduct", "pk": 487, "fields": {"invoice": 73, "quantity": 12, "product_number": "3362233"}}, {"model": "app.invoiceproduct", "pk": 488, "fields": {"invoice": 73, "quantity": 12, "product_number": "3362229"}}, {"model": "app.invoiceproduct", "pk": 489, "fields": {"invoice": 73, "quantity": 12, "product_number": "3362230"}}, {"model": "app.invoiceproduct", "pk": 490, "fields": {"invoice": 73, "quantity": 12, "product_number": "3362231"}}, {"model": "app.invoiceproduct", "pk": 491, "fields": {"invoice": 74, "quantity": 24, "product_number": "3363997"}}, {"model": "app.invoiceproduct", "pk": 492, "fields": {"invoice": 74, "quantity": 12, "product_number": "3363998"}}, {"model": "app.invoiceproduct", "pk": 493, "fields": {"invoice": 74, "quantity": 12, "product_number": "3363999"}}, {"model": "app.invoiceproduct", "pk": 494, "fields": {"invoice": 74, "quantity": 12, "product_number": "3364000"}}, {"model": "app.invoiceproduct", "pk": 495, "fields": {"invoice": 74, "quantity": 12, "product_number": "3362232"}}, {"model": "app.invoiceproduct", "pk": 496, "fields": {"invoice": 74, "quantity": 12, "product_number": "3362233"}}, {"model": "app.invoiceproduct", "pk": 497, "fields": {"invoice": 74, "quantity": 12, "product_number": "3362230"}}, {"model": "app.invoiceproduct", "pk": 498, "fields": {"invoice": 74, "quantity": 12, "product_number": "3362231"}}, {"model": "app.invoiceproduct", "pk": 499, "fields": {"invoice": 74, "quantity": 24, "product_number": "3362229"}}, {"model": "app.invoiceproduct", "pk": 500, "fields": {"invoice": 75, "quantity": 10, "product_number": "3363996"}}, {"model": "app.invoiceproduct", "pk": 501, "fields": {"invoice": 75, "quantity": 24, "product_number": "3363997"}}, {"model": "app.invoiceproduct", "pk": 502, "fields": {"invoice": 75, "quantity": 12, "product_number": "3363998"}}, {"model": "app.invoiceproduct", "pk": 503, "fields": {"invoice": 75, "quantity": 8, "product_number": "3363999"}}, {"model": "app.invoiceproduct", "pk": 504, "fields": {"invoice": 75, "quantity": 8, "product_number": "3364000"}}, {"model": "app.invoiceproduct", "pk": 505, "fields": {"invoice": 75, "quantity": 12, "product_number": "3362232"}}, {"model": "app.invoiceproduct", "pk": 506, "fields": {"invoice": 75, "quantity": 12, "product_number": "3362233"}}, {"model": "app.invoiceproduct", "pk": 507, "fields": {"invoice": 75, "quantity": 12, "product_number": "3362230"}}, {"model": "app.invoiceproduct", "pk": 508, "fields": {"invoice": 75, "quantity": 12, "product_number": "3362231"}}, {"model": "app.invoiceproduct", "pk": 509, "fields": {"invoice": 75, "quantity": 20, "product_number": "3362229"}}, {"model": "app.invoiceproduct", "pk": 510, "fields": {"invoice": 76, "quantity": 12, "product_number": "3363997"}}, {"model": "app.invoiceproduct", "pk": 511, "fields": {"invoice": 76, "quantity": 12, "product_number": "3363998"}}, {"model": "app.invoiceproduct", "pk": 512, "fields": {"invoice": 76, "quantity": 12, "product_number": "3364000"}}, {"model": "app.invoiceproduct", "pk": 513, "fields": {"invoice": 76, "quantity": 12, "product_number": "3362232"}}, {"model": "app.invoiceproduct", "pk": 514, "fields": {"invoice": 76, "quantity": 12, "product_number": "3362233"}}, {"model": "app.invoiceproduct", "pk": 515, "fields": {"invoice": 76, "quantity": 24, "product_number": "3362229"}}, {"model": "app.invoiceproduct", "pk": 516, "fields": {"invoice": 76, "quantity": 12, "product_number": "3362230"}}, {"model": "app.invoiceproduct", "pk": 517, "fields": {"invoice": 76, "quantity": 12, "product_number": "3362231"}}, {"model": "app.invoiceproduct", "pk": 518, "fields": {"invoice": 77, "quantity": 24, "product_number": "3363999"}}, {"model": "app.invoiceproduct", "pk": 519, "fields": {"invoice": 77, "quantity": 24, "product_number": "3364000"}}, {"model": "app.invoiceproduct", "pk": 520, "fields": {"invoice": 77, "quantity": 12, "product_number": "3362232"}}, {"model": "app.invoiceproduct", "pk": 521, "fields": {"invoice": 77, "quantity": 12, "product_number": "3362233"}}, {"model": "app.invoiceproduct", "pk": 522, "fields": {"invoice": 77, "quantity": 12, "product_number": "3362230"}}, {"model": "app.invoiceproduct", "pk": 523, "fields": {"invoice": 77, "quantity": 12, "product_number": "3362231"}}, {"model": "app.invoiceproduct", "pk": 524, "fields": {"invoice": 78, "quantity": 12, "product_number": "3362229"}}, {"model": "app.invoiceproduct", "pk": 525, "fields": {"invoice": 78, "quantity": 12, "product_number": "3362230"}}, {"model": "app.invoiceproduct", "pk": 526, "fields": {"invoice": 78, "quantity": 12, "product_number": "3362231"}}, {"model": "app.invoiceproduct", "pk": 527, "fields": {"invoice": 78, "quantity": 12, "product_number": "3362232"}}, {"model": "app.invoiceproduct", "pk": 528, "fields": {"invoice": 78, "quantity": 12, "product_number": "3362233"}}, {"model": "app.invoiceproduct", "pk": 529, "fields": {"invoice": 78, "quantity": 12, "product_number": "3362234"}}, {"model": "app.invoiceproduct", "pk": 530, "fields": {"invoice": 78, "quantity": 12, "product_number": "3362235"}}, {"model": "app.invoiceproduct", "pk": 531, "fields": {"invoice": 79, "quantity": 24, "product_number": "3363996"}}, {"model": "app.invoiceproduct", "pk": 532, "fields": {"invoice": 79, "quantity": 24, "product_number": "3362229"}}, {"model": "app.invoiceproduct", "pk": 533, "fields": {"invoice": 79, "quantity": 12, "product_number": "3362230"}}, {"model": "app.invoiceproduct", "pk": 534, "fields": {"invoice": 79, "quantity": 12, "product_number": "3362231"}}, {"model": "app.invoiceproduct", "pk": 535, "fields": {"invoice": 79, "quantity": 12, "product_number": "3362232"}}, {"model": "app.invoiceproduct", "pk": 536, "fields": {"invoice": 79, "quantity": 12, "product_number": "3362233"}}, {"model": "app.invoiceproduct", "pk": 537, "fields": {"invoice": 79, "quantity": 12, "product_number": "3362234"}}, {"model": "app.invoiceproduct", "pk": 538, "fields": {"invoice": 79, "quantity": 12, "product_number": "3362235"}}, {"model": "app.invoiceproduct", "pk": 539, "fields": {"invoice": 80, "quantity": 24, "product_number": "3362235"}}, {"model": "app.invoiceproduct", "pk": 540, "fields": {"invoice": 81, "quantity": 6, "product_number": "3364001"}}, {"model": "app.invoiceproduct", "pk": 541, "fields": {"invoice": 81, "quantity": 24, "product_number": "3362229"}}, {"model": "app.invoiceproduct", "pk": 542, "fields": {"invoice": 81, "quantity": 12, "product_number": "3362230"}}, {"model": "app.invoiceproduct", "pk": 543, "fields": {"invoice": 81, "quantity": 12, "product_number": "3362231"}}, {"model": "app.invoiceproduct", "pk": 544, "fields": {"invoice": 81, "quantity": 12, "product_number": "3362232"}}, {"model": "app.invoiceproduct", "pk": 545, "fields": {"invoice": 81, "quantity": 12, "product_number": "3362234"}}, {"model": "app.invoiceproduct", "pk": 546, "fields": {"invoice": 81, "quantity": 12, "product_number": "3362235"}}, {"model": "app.invoiceproduct", "pk": 547, "fields": {"invoice": 82, "quantity": 24, "product_number": "3362229"}}, {"model": "app.invoiceproduct", "pk": 548, "fields": {"invoice": 82, "quantity": 12, "product_number": "3362230"}}, {"model": "app.invoiceproduct", "pk": 549, "fields": {"invoice": 82, "quantity": 12, "product_number": "3362231"}}, {"model": "app.invoiceproduct", "pk": 550, "fields": {"invoice": 82, "quantity": 12, "product_number": "3362232"}}, {"model": "app.invoiceproduct", "pk": 551, "fields": {"invoice": 82, "quantity": 12, "product_number": "3362233"}}, {"model": "app.invoiceproduct", "pk": 552, "fields": {"invoice": 82, "quantity": 12, "product_number": "3362235"}}, {"model": "app.invoiceproduct", "pk": 553, "fields": {"invoice": 82, "quantity": 12, "product_number": "3363995"}}, {"model": "app.invoiceproduct", "pk": 554, "fields": {"invoice": 82, "quantity": 12, "product_number": "3363996"}}, {"model": "app.invoiceproduct", "pk": 555, "fields": {"invoice": 82, "quantity": 24, "product_number": "3363999"}}, {"model": "app.invoiceproduct", "pk": 556, "fields": {"invoice": 82, "quantity": 24, "product_number": "3364000"}}, {"model": "app.invoiceproduct", "pk": 557, "fields": {"invoice": 83, "quantity": 24, "product_number": "3362229"}}, {"model": "app.invoiceproduct", "pk": 558, "fields": {"invoice": 83, "quantity": 12, "product_number": "3362230"}}, {"model": "app.invoiceproduct", "pk": 559, "fields": {"invoice": 83, "quantity": 12, "product_number": "3362231"}}, {"model": "app.invoiceproduct", "pk": 560, "fields": {"invoice": 83, "quantity": 12, "product_number": "3362235"}}, {"model": "app.invoiceproduct", "pk": 561, "fields": {"invoice": 83, "quantity": 12, "product_number": "3363995"}}, {"model": "app.invoiceproduct", "pk": 562, "fields": {"invoice": 83, "quantity": 12, "product_number": "3363996"}}, {"model": "app.invoiceproduct", "pk": 563, "fields": {"invoice": 83, "quantity": 12, "product_number": "3363999"}}, {"model": "app.invoiceproduct", "pk": 564, "fields": {"invoice": 83, "quantity": 12, "product_number": "3364000"}}, {"model": "app.invoiceproduct", "pk": 565, "fields": {"invoice": 84, "quantity": 12, "product_number": "3362229"}}, {"model": "app.invoiceproduct", "pk": 566, "fields": {"invoice": 84, "quantity": 12, "product_number": "3363995"}}, {"model": "app.invoiceproduct", "pk": 567, "fields": {"invoice": 84, "quantity": 12, "product_number": "3363996"}}, {"model": "app.invoiceproduct", "pk": 568, "fields": {"invoice": 84, "quantity": 12, "product_number": "3363999"}}, {"model": "app.invoiceproduct", "pk": 569, "fields": {"invoice": 84, "quantity": 12, "product_number": "3364000"}}, {"model": "app.invoiceproduct", "pk": 570, "fields": {"invoice": 84, "quantity": 6, "product_number": "3364001"}}, {"model": "app.invoiceproduct", "pk": 571, "fields": {"invoice": 85, "quantity": 12, "product_number": "3362229"}}, {"model": "app.invoiceproduct", "pk": 572, "fields": {"invoice": 85, "quantity": 12, "product_number": "3362230"}}, {"model": "app.invoiceproduct", "pk": 573, "fields": {"invoice": 85, "quantity": 12, "product_number": "3362231"}}, {"model": "app.invoiceproduct", "pk": 574, "fields": {"invoice": 85, "quantity": 12, "product_number": "3362232"}}, {"model": "app.invoiceproduct", "pk": 575, "fields": {"invoice": 85, "quantity": 12, "product_number": "3363995"}}, {"model": "app.invoiceproduct", "pk": 576, "fields": {"invoice": 85, "quantity": 12, "product_number": "3363996"}}, {"model": "app.invoiceproduct", "pk": 577, "fields": {"invoice": 85, "quantity": 12, "product_number": "3363997"}}, {"model": "app.invoiceproduct", "pk": 578, "fields": {"invoice": 85, "quantity": 12, "product_number": "3363998"}}, {"model": "app.invoiceproduct", "pk": 579, "fields": {"invoice": 85, "quantity": 24, "product_number": "3363999"}}, {"model": "app.invoiceproduct", "pk": 580, "fields": {"invoice": 85, "quantity": 12, "product_number": "3364000"}}, {"model": "app.invoiceproduct", "pk": 581, "fields": {"invoice": 86, "quantity": 12, "product_number": "3362229"}}, {"model": "app.invoiceproduct", "pk": 582, "fields": {"invoice": 86, "quantity": 12, "product_number": "3362230"}}, {"model": "app.invoiceproduct", "pk": 583, "fields": {"invoice": 86, "quantity": 12, "product_number": "3362231"}}, {"model": "app.invoiceproduct", "pk": 584, "fields": {"invoice": 86, "quantity": 12, "product_number": "3362232"}}, {"model": "app.invoiceproduct", "pk": 585, "fields": {"invoice": 86, "quantity": 12, "product_number": "3362235"}}, {"model": "app.invoiceproduct", "pk": 586, "fields": {"invoice": 86, "quantity": 12, "product_number": "3364000"}}, {"model": "app.invoiceproduct", "pk": 587, "fields": {"invoice": 87, "quantity": 10, "product_number": "3362216"}}, {"model": "app.invoiceproduct", "pk": 588, "fields": {"invoice": 88, "quantity": 24, "product_number": "3362229"}}, {"model": "app.invoiceproduct", "pk": 589, "fields": {"invoice": 88, "quantity": 8, "product_number": "3362230"}}, {"model": "app.invoiceproduct", "pk": 590, "fields": {"invoice": 88, "quantity": 8, "product_number": "3362231"}}, {"model": "app.invoiceproduct", "pk": 591, "fields": {"invoice": 88, "quantity": 16, "product_number": "3362235"}}, {"model": "app.invoiceproduct", "pk": 592, "fields": {"invoice": 88, "quantity": 24, "product_number": "3363995"}}, {"model": "app.invoiceproduct", "pk": 593, "fields": {"invoice": 88, "quantity": 12, "product_number": "3363996"}}, {"model": "app.invoiceproduct", "pk": 594, "fields": {"invoice": 88, "quantity": 24, "product_number": "3363999"}}, {"model": "app.invoiceproduct", "pk": 595, "fields": {"invoice": 88, "quantity": 24, "product_number": "3364000"}}, {"model": "app.invoiceproduct", "pk": 596, "fields": {"invoice": 88, "quantity": 12, "product_number": "3364001"}}, {"model": "app.invoiceproduct", "pk": 597, "fields": {"invoice": 89, "quantity": 1, "product_number": "3363995"}}, {"model": "app.invoiceproduct", "pk": 598, "fields": {"invoice": 89, "quantity": 2, "product_number": "3363996"}}, {"model": "app.invoiceproduct", "pk": 599, "fields": {"invoice": 90, "quantity": 1, "product_number": "3363995"}}, {"model": "app.invoiceproduct", "pk": 600, "fields": {"invoice": 91, "quantity": 1, "product_number": "3363995"}}, {"model": "app.invoiceproduct", "pk": 601, "fields": {"invoice": 92, "quantity": 1, "product_number": "3363995"}}, {"model": "app.invoiceproduct", "pk": 602, "fields": {"invoice": 93, "quantity": 2, "product_number": "3363995"}}, {"model": "app.invoiceproduct", "pk": 603, "fields": {"invoice": 94, "quantity": 12, "product_number": "3359236"}}, {"model": "app.invoiceproduct", "pk": 604, "fields": {"invoice": 94, "quantity": 12, "product_number": "3363995"}}, {"model": "app.invoiceproduct", "pk": 605, "fields": {"invoice": 94, "quantity": 12, "product_number": "3363996"}}, {"model": "app.invoiceproduct", "pk": 606, "fields": {"invoice": 94, "quantity": 24, "product_number": "3363997"}}, {"model": "app.invoiceproduct", "pk": 607, "fields": {"invoice": 94, "quantity": 24, "product_number": "3363998"}}, {"model": "app.invoiceproduct", "pk": 608, "fields": {"invoice": 94, "quantity": 24, "product_number": "3363999"}}, {"model": "app.invoiceproduct", "pk": 609, "fields": {"invoice": 94, "quantity": 24, "product_number": "3364000"}}, {"model": "app.invoiceproduct", "pk": 610, "fields": {"invoice": 94, "quantity": 6, "product_number": "3364001"}}, {"model": "app.invoiceproduct", "pk": 611, "fields": {"invoice": 94, "quantity": 12, "product_number": "3364002"}}, {"model": "app.invoiceproduct", "pk": 612, "fields": {"invoice": 94, "quantity": 12, "product_number": "3364003"}}, {"model": "app.invoiceproduct", "pk": 613, "fields": {"invoice": 95, "quantity": 6, "product_number": "3359236"}}, {"model": "app.invoiceproduct", "pk": 614, "fields": {"invoice": 95, "quantity": 6, "product_number": "3363995"}}, {"model": "app.invoiceproduct", "pk": 615, "fields": {"invoice": 95, "quantity": 24, "product_number": "3363997"}}, {"model": "app.invoiceproduct", "pk": 616, "fields": {"invoice": 95, "quantity": 24, "product_number": "3363998"}}, {"model": "app.invoiceproduct", "pk": 617, "fields": {"invoice": 95, "quantity": 12, "product_number": "3363999"}}, {"model": "app.invoiceproduct", "pk": 618, "fields": {"invoice": 95, "quantity": 12, "product_number": "3364000"}}, {"model": "app.invoiceproduct", "pk": 619, "fields": {"invoice": 95, "quantity": 6, "product_number": "3364001"}}, {"model": "app.invoiceproduct", "pk": 620, "fields": {"invoice": 95, "quantity": 12, "product_number": "3364002"}}, {"model": "app.invoiceproduct", "pk": 621, "fields": {"invoice": 95, "quantity": 12, "product_number": "3364003"}}, {"model": "app.invoiceproduct", "pk": 622, "fields": {"invoice": 95, "quantity": 6, "product_number": "3363996"}}, {"model": "app.invoiceproduct", "pk": 623, "fields": {"invoice": 96, "quantity": 6, "product_number": "3359236"}}, {"model": "app.invoiceproduct", "pk": 624, "fields": {"invoice": 96, "quantity": 6, "product_number": "3363995"}}, {"model": "app.invoiceproduct", "pk": 625, "fields": {"invoice": 96, "quantity": 6, "product_number": "3363996"}}, {"model": "app.invoiceproduct", "pk": 626, "fields": {"invoice": 96, "quantity": 24, "product_number": "3363997"}}, {"model": "app.invoiceproduct", "pk": 627, "fields": {"invoice": 96, "quantity": 24, "product_number": "3363998"}}, {"model": "app.invoiceproduct", "pk": 628, "fields": {"invoice": 96, "quantity": 12, "product_number": "3363999"}}, {"model": "app.invoiceproduct", "pk": 629, "fields": {"invoice": 96, "quantity": 12, "product_number": "3364000"}}, {"model": "app.invoiceproduct", "pk": 630, "fields": {"invoice": 96, "quantity": 6, "product_number": "3364001"}}, {"model": "app.invoiceproduct", "pk": 631, "fields": {"invoice": 96, "quantity": 6, "product_number": "3364002"}}, {"model": "app.invoiceproduct", "pk": 632, "fields": {"invoice": 96, "quantity": 12, "product_number": "3364003"}}, {"model": "app.invoiceproduct", "pk": 633, "fields": {"invoice": 97, "quantity": 12, "product_number": "3359236"}}, {"model": "app.invoiceproduct", "pk": 634, "fields": {"invoice": 97, "quantity": 12, "product_number": "3363995"}}, {"model": "app.invoiceproduct", "pk": 635, "fields": {"invoice": 97, "quantity": 12, "product_number": "3363996"}}, {"model": "app.invoiceproduct", "pk": 636, "fields": {"invoice": 97, "quantity": 24, "product_number": "3363997"}}, {"model": "app.invoiceproduct", "pk": 637, "fields": {"invoice": 97, "quantity": 24, "product_number": "3363998"}}, {"model": "app.invoiceproduct", "pk": 638, "fields": {"invoice": 97, "quantity": 24, "product_number": "3363999"}}, {"model": "app.invoiceproduct", "pk": 639, "fields": {"invoice": 97, "quantity": 24, "product_number": "3364000"}}, {"model": "app.invoiceproduct", "pk": 640, "fields": {"invoice": 97, "quantity": 6, "product_number": "3364001"}}, {"model": "app.invoiceproduct", "pk": 641, "fields": {"invoice": 97, "quantity": 12, "product_number": "3364002"}}, {"model": "app.invoiceproduct", "pk": 642, "fields": {"invoice": 97, "quantity": 12, "product_number": "3364003"}}, {"model": "app.invoiceproduct", "pk": 643, "fields": {"invoice": 98, "quantity": 12, "product_number": "3359236"}}, {"model": "app.invoiceproduct", "pk": 644, "fields": {"invoice": 98, "quantity": 12, "product_number": "3363995"}}, {"model": "app.invoiceproduct", "pk": 645, "fields": {"invoice": 98, "quantity": 12, "product_number": "3363996"}}, {"model": "app.invoiceproduct", "pk": 646, "fields": {"invoice": 98, "quantity": 50, "product_number": "3363997"}}, {"model": "app.invoiceproduct", "pk": 647, "fields": {"invoice": 98, "quantity": 30, "product_number": "3363998"}}, {"model": "app.invoiceproduct", "pk": 648, "fields": {"invoice": 98, "quantity": 30, "product_number": "3363999"}}, {"model": "app.invoiceproduct", "pk": 649, "fields": {"invoice": 98, "quantity": 30, "product_number": "3364000"}}, {"model": "app.invoiceproduct", "pk": 650, "fields": {"invoice": 98, "quantity": 6, "product_number": "3364001"}}, {"model": "app.invoiceproduct", "pk": 651, "fields": {"invoice": 98, "quantity": 6, "product_number": "3364002"}}, {"model": "app.invoiceproduct", "pk": 652, "fields": {"invoice": 98, "quantity": 36, "product_number": "3364003"}}, {"model": "app.outlet", "pk": 1, "fields": {"outlet_name": "Showpno Gopibagh", "isdeleted": "b'\\x00'"}}, {"model": "app.outlet", "pk": 2, "fields": {"outlet_name": "Sontek Kajla", "isdeleted": "b'\\x00'"}}, {"model": "app.outlet", "pk": 3, "fields": {"outlet_name": "Showpno Green Road", "isdeleted": "b'\\x00'"}}, {"model": "app.outlet", "pk": 4, "fields": {"outlet_name": "Showpno Kazipara-2", "isdeleted": "b'\\x00'"}}, {"model": "app.outlet", "pk": 5, "fields": {"outlet_name": "Showpno Mogh Bazar", "isdeleted": "b'\\x00'"}}, {"model": "app.outlet", "pk": 6, "fields": {"outlet_name": "Showpno Central Basabo - 2", "isdeleted": "b'\\x00'"}}, {"model": "app.outlet", "pk": 7, "fields": {"outlet_name": "Showpno Dhanmondi 27", "isdeleted": "b'\\x00'"}}, {"model": "app.outlet", "pk": 8, "fields": {"outlet_name": "Showpno Wari New", "isdeleted": "b'\\x00'"}}, {"model": "app.outlet", "pk": 9, "fields": {"outlet_name": "Showpno Monipuri Para", "isdeleted": "b'\\x00'"}}, {"model": "app.outlet", "pk": 10, "fields": {"outlet_name": "Showpno Uttara 11", "isdeleted": "b'\\x00'"}}, {"model": "app.outlet", "pk": 11, "fields": {"outlet_name": "Showpno Uttara 3", "isdeleted": "b'\\x00'"}}, {"model": "app.outlet", "pk": 12, "fields": {"outlet_name": "Showpno Gopibag", "isdeleted": "b'\\x00'"}}, {"model": "app.outlet", "pk": 13, "fields": {"outlet_name": "One Stop Aurongazeb Road", "isdeleted": "b'\\x00'"}}, {"model": "app.outlet", "pk": 14, "fields": {"outlet_name": "Kaderabad Housing", "isdeleted": "b'\\x00'"}}, {"model": "app.outlet", "pk": 15, "fields": {"outlet_name": "Farzana Shakils Makeover Salon, Dhanmondi, Dhaka", "isdeleted": "b'\\x00'"}}, {"model": "app.product", "pk": "001", "fields": {"price": 50.0, "product_name": "Apron Sewing", "isdeleted": "b'\\x00'"}}, {"model": "app.product", "pk": "002", "fields": {"price": 50.0, "product_name": "Pant Sewing", "isdeleted": "b'\\x00'"}}, {"model": "app.product", "pk": "003", "fields": {"price": 35.0, "product_name": "Towel Sewing with Poly", "isdeleted": "b'\\x00'"}}, {"model": "app.product", "pk": "004", "fields": {"price": 25.0, "product_name": "Bed Cover Sewing", "isdeleted": "b'\\x00'"}}, {"model": "app.product", "pk": "1436000001", "fields": {"price": 100.0, "product_name": "ADOR BABY KATHA SMALL", "isdeleted": "b'\\x00'"}}, {"model": "app.product", "pk": "1436000002", "fields": {"price": 150.0, "product_name": "ADOR BABY KATHA LARGE", "isdeleted": "b'\\x00'"}}, {"model": "app.product", "pk": "1436000003", "fields": {"price": 40.0, "product_name": "ADOR BABY NIMA", "isdeleted": "b'\\x00'"}}, {"model": "app.product", "pk": "1436000004", "fields": {"price": 60.0, "product_name": "ADOR BABY NIMA FROCK", "isdeleted": "b'\\x00'"}}, {"model": "app.product", "pk": "1436000005", "fields": {"price": 20.0, "product_name": "ADOR BABY NAPY SMALL", "isdeleted": "b'\\x00'"}}, {"model": "app.product", "pk": "1436000006", "fields": {"price": 35.0, "product_name": "ADOR BABY NAPY (D)", "isdeleted": "b'\\x00'"}}, {"model": "app.product", "pk": "1436000007", "fields": {"price": 300.0, "product_name": "ADOR GIFT SET 6PCS", "isdeleted": "b'\\x00'"}}, {"model": "app.product", "pk": "1436000008", "fields": {"price": 90.0, "product_name": "ADOR BABY GENJI SET", "isdeleted": "b'\\x00'"}}, {"model": "app.product", "pk": "1436000009", "fields": {"price": 50.0, "product_name": "ADOR PRINTED NIMA", "isdeleted": "b'\\x00'"}}, {"model": "app.product", "pk": "1436000010", "fields": {"price": 70.0, "product_name": "ADOR PRINTED NIMA FROCK", "isdeleted": "b'\\x00'"}}, {"model": "app.product", "pk": "3359231", "fields": {"price": 37.0, "product_name": "Cotton Napy (D)", "isdeleted": "b'\\x00'"}}, {"model": "app.product", "pk": "3359236", "fields": {"price": 220.0, "product_name": "H/S Gangi Set", "isdeleted": "b'\\x00'"}}, {"model": "app.product", "pk": "3362216", "fields": {"price": 95.0, "product_name": "Baby Nokshi Khata (s)", "isdeleted": "b'\\x00'"}}, {"model": "app.product", "pk": "3362218", "fields": {"price": 95.0, "product_name": "Baby Nokshi Khata (s)", "isdeleted": "b'\\x00'"}}, {"model": "app.product", "pk": "3362219", "fields": {"price": 140.0, "product_name": "Baby Nokshi Khata (B)", "isdeleted": "b'\\x00'"}}, {"model": "app.product", "pk": "3362220", "fields": {"price": 40.0, "product_name": "Cotton Nima", "isdeleted": "b'\\x00'"}}, {"model": "app.product", "pk": "3362221", "fields": {"price": 60.0, "product_name": "Cotton Nima Frock", "isdeleted": "b'\\x00'"}}, {"model": "app.product", "pk": "3362222", "fields": {"price": 20.0, "product_name": "Cotton Napy (s)", "isdeleted": "b'\\x00'"}}, {"model": "app.product", "pk": "3362223", "fields": {"price": 35.0, "product_name": "Cotton Napy (D)", "isdeleted": "b'\\x00'"}}, {"model": "app.product", "pk": "3362224", "fields": {"price": 290.0, "product_name": "Baby Gift Set (six piece)", "isdeleted": "b'\\x00'"}}, {"model": "app.product", "pk": "3362225", "fields": {"price": 85.0, "product_name": "New Born Baby Ganji Set", "isdeleted": "b'\\x00'"}}, {"model": "app.product", "pk": "3362226", "fields": {"price": 140.0, "product_name": "New Born Cotton Set", "isdeleted": "b'\\x00'"}}, {"model": "app.product", "pk": "3362227", "fields": {"price": 52.0, "product_name": "Kids Printed Nima", "isdeleted": "b'\\x00'"}}, {"model": "app.product", "pk": "3362228", "fields": {"price": 75.0, "product_name": "Kids Printed Nima Frock", "isdeleted": "b'\\x00'"}}, {"model": "app.product", "pk": "3362229", "fields": {"price": 75.0, "product_name": "F/S Nima", "isdeleted": "b'\\x00'"}}, {"model": "app.product", "pk": "3362230", "fields": {"price": 180.0, "product_name": "F/S Cotton Dress - (B)", "isdeleted": "b'\\x00'"}}, {"model": "app.product", "pk": "3362231", "fields": {"price": 200.0, "product_name": "F/S Cotton Dress - (G)", "isdeleted": "b'\\x00'"}}, {"model": "app.product", "pk": "3362232", "fields": {"price": 160.0, "product_name": "F/S Ganji Set - 0", "isdeleted": "b'\\x00'"}}, {"model": "app.product", "pk": "3362233", "fields": {"price": 200.0, "product_name": "F/S Ganji Set - 10", "isdeleted": "b'\\x00'"}}, {"model": "app.product", "pk": "3362234", "fields": {"price": 150.0, "product_name": "F/S Falalin Dress - 0", "isdeleted": "b'\\x00'"}}, {"model": "app.product", "pk": "3362235", "fields": {"price": 200.0, "product_name": "F/S Falalin Dress - 10", "isdeleted": "b'\\x00'"}}, {"model": "app.product", "pk": "3363995", "fields": {"price": 95.0, "product_name": "Baby Nokshi Khata (s)", "isdeleted": "b'\\x00'"}}, {"model": "app.product", "pk": "3363996", "fields": {"price": 140.0, "product_name": "Baby Nokshi Khata (B)", "isdeleted": "b'\\x00'"}}, {"model": "app.product", "pk": "3363997", "fields": {"price": 40.0, "product_name": "Cotton Nima", "isdeleted": "b'\\x00'"}}, {"model": "app.product", "pk": "3363998", "fields": {"price": 60.0, "product_name": "Nima Frock", "isdeleted": "b'\\x00'"}}, {"model": "app.product", "pk": "3363999", "fields": {"price": 20.0, "product_name": "Cotton Napy (S)", "isdeleted": "b'\\x00'"}}, {"model": "app.product", "pk": "3364000", "fields": {"price": 35.0, "product_name": "Cotton Napy (D)", "isdeleted": "b'\\x00'"}}, {"model": "app.product", "pk": "3364001", "fields": {"price": 290.0, "product_name": "Baby Gift Set (six piece)", "isdeleted": "b'\\x00'"}}, {"model": "app.product", "pk": "3364002", "fields": {"price": 85.0, "product_name": "New Born Ganji Set", "isdeleted": "b'\\x00'"}}, {"model": "app.product", "pk": "3364003", "fields": {"price": 140.0, "product_name": "New Born Cotton Set", "isdeleted": "b'\\x00'"}}, {"model": "app.product", "pk": "3364004", "fields": {"price": 52.0, "product_name": "Kids Printed Nima", "isdeleted": "b'\\x00'"}}, {"model": "app.product", "pk": "3364005", "fields": {"price": 75.0, "product_name": "Kids Printed Nima Frock", "isdeleted": "b'\\x00'"}}, {"model": "app.stock", "pk": 1, "fields": {"quantity": null, "outlet": 1, "product_number": null}}, {"model": "app.stock", "pk": 2, "fields": {"quantity": null, "outlet": 11, "product_number": null}}, {"model": "app.stock", "pk": 3, "fields": {"quantity": null, "outlet": 11, "product_number": "1436000010"}}]